
INSERT INTO Camara VALUES
(0),
(1),
(2),
(3),
(4),
(5),
(6),
(7),
(8),
(9),
(10),
(11),
(12),
(13),
(14),
(15),
(16),
(17),
(18),
(19),
(20),
(21),
(22),
(23),
(24),
(25),
(26),
(27),
(28),
(29),
(30),
(31),
(32),
(33),
(34),
(35),
(36),
(37),
(38),
(39),
(40),
(41),
(42),
(43),
(44),
(45),
(46),
(47),
(48),
(49),
(50),
(51),
(52),
(53),
(54),
(55),
(56),
(57),
(58),
(59),
(60),
(61),
(62),
(63),
(64),
(65),
(66),
(67),
(68),
(69),
(70),
(71),
(72),
(73),
(74),
(75),
(76),
(77),
(78),
(79),
(80),
(81),
(82),
(83),
(84),
(85),
(86),
(87),
(88),
(89),
(90),
(91),
(92),
(93),
(94),
(95),
(96),
(97),
(98),
(99);
INSERT INTO Video VALUES
('2018-11-24 17:35:59', '2018-11-24 17:40:59', 0),
('2018-11-24 17:35:59', '2018-11-24 17:40:59', 1),
('2018-11-24 17:35:59', '2018-11-24 17:40:59', 2),
('2018-11-24 17:35:59', '2018-11-24 17:40:59', 3),
('2018-11-24 17:35:59', '2018-11-24 17:40:59', 4),
('2018-11-24 17:35:59', '2018-11-24 17:40:59', 5),
('2018-11-24 17:35:59', '2018-11-24 17:40:59', 6),
('2018-11-24 17:35:59', '2018-11-24 17:40:59', 7),
('2018-11-24 17:35:59', '2018-11-24 17:40:59', 8),
('2018-11-24 17:35:59', '2018-11-24 17:40:59', 9),
('2018-11-24 17:35:59', '2018-11-24 17:40:59', 10),
('2018-11-24 17:35:59', '2018-11-24 17:40:59', 11),
('2018-11-24 17:35:59', '2018-11-24 17:40:59', 12),
('2018-11-24 17:35:59', '2018-11-24 17:40:59', 13),
('2018-11-24 17:35:59', '2018-11-24 17:40:59', 14),
('2018-11-24 17:35:59', '2018-11-24 17:40:59', 15),
('2018-11-24 17:35:59', '2018-11-24 17:40:59', 16),
('2018-11-24 17:35:59', '2018-11-24 17:40:59', 17),
('2018-11-24 17:35:59', '2018-11-24 17:40:59', 18),
('2018-11-24 17:35:59', '2018-11-24 17:40:59', 19),
('2018-11-24 17:35:59', '2018-11-24 17:40:59', 20),
('2018-11-24 17:35:59', '2018-11-24 17:40:59', 21),
('2018-11-24 17:35:59', '2018-11-24 17:40:59', 22),
('2018-11-24 17:35:59', '2018-11-24 17:40:59', 23),
('2018-11-24 17:35:59', '2018-11-24 17:40:59', 24),
('2018-11-24 17:35:59', '2018-11-24 17:40:59', 25),
('2018-11-24 17:35:59', '2018-11-24 17:40:59', 26),
('2018-11-24 17:35:59', '2018-11-24 17:40:59', 27),
('2018-11-24 17:35:59', '2018-11-24 17:40:59', 28),
('2018-11-24 17:35:59', '2018-11-24 17:40:59', 29),
('2018-11-24 17:35:59', '2018-11-24 17:40:59', 30),
('2018-11-24 17:35:59', '2018-11-24 17:40:59', 31),
('2018-11-24 17:35:59', '2018-11-24 17:40:59', 32),
('2018-11-24 17:35:59', '2018-11-24 17:40:59', 33),
('2018-11-24 17:35:59', '2018-11-24 17:40:59', 34),
('2018-11-24 17:35:59', '2018-11-24 17:40:59', 35),
('2018-11-24 17:35:59', '2018-11-24 17:40:59', 36),
('2018-11-24 17:35:59', '2018-11-24 17:40:59', 37),
('2018-11-24 17:35:59', '2018-11-24 17:40:59', 38),
('2018-11-24 17:35:59', '2018-11-24 17:40:59', 39),
('2018-11-24 17:35:59', '2018-11-24 17:40:59', 40),
('2018-11-24 17:35:59', '2018-11-24 17:40:59', 41),
('2018-11-24 17:35:59', '2018-11-24 17:40:59', 42),
('2018-11-24 17:35:59', '2018-11-24 17:40:59', 43),
('2018-11-24 17:35:59', '2018-11-24 17:40:59', 44),
('2018-11-24 17:35:59', '2018-11-24 17:40:59', 45),
('2018-11-24 17:35:59', '2018-11-24 17:40:59', 46),
('2018-11-24 17:35:59', '2018-11-24 17:40:59', 47),
('2018-11-24 17:35:59', '2018-11-24 17:40:59', 48),
('2018-11-24 17:35:59', '2018-11-24 17:40:59', 49),
('2018-11-24 17:35:59', '2018-11-24 17:40:59', 50),
('2018-11-24 17:35:59', '2018-11-24 17:40:59', 51),
('2018-11-24 17:35:59', '2018-11-24 17:40:59', 52),
('2018-11-24 17:35:59', '2018-11-24 17:40:59', 53),
('2018-11-24 17:35:59', '2018-11-24 17:40:59', 54),
('2018-11-24 17:35:59', '2018-11-24 17:40:59', 55),
('2018-11-24 17:35:59', '2018-11-24 17:40:59', 56),
('2018-11-24 17:35:59', '2018-11-24 17:40:59', 57),
('2018-11-24 17:35:59', '2018-11-24 17:40:59', 58),
('2018-11-24 17:35:59', '2018-11-24 17:40:59', 59),
('2018-11-24 17:35:59', '2018-11-24 17:40:59', 60),
('2018-11-24 17:35:59', '2018-11-24 17:40:59', 61),
('2018-11-24 17:35:59', '2018-11-24 17:40:59', 62),
('2018-11-24 17:35:59', '2018-11-24 17:40:59', 63),
('2018-11-24 17:35:59', '2018-11-24 17:40:59', 64),
('2018-11-24 17:35:59', '2018-11-24 17:40:59', 65),
('2018-11-24 17:35:59', '2018-11-24 17:40:59', 66),
('2018-11-24 17:35:59', '2018-11-24 17:40:59', 67),
('2018-11-24 17:35:59', '2018-11-24 17:40:59', 68),
('2018-11-24 17:35:59', '2018-11-24 17:40:59', 69),
('2018-11-24 17:35:59', '2018-11-24 17:40:59', 70),
('2018-11-24 17:35:59', '2018-11-24 17:40:59', 71),
('2018-11-24 17:35:59', '2018-11-24 17:40:59', 72),
('2018-11-24 17:35:59', '2018-11-24 17:40:59', 73),
('2018-11-24 17:35:59', '2018-11-24 17:40:59', 74),
('2018-11-24 17:35:59', '2018-11-24 17:40:59', 75),
('2018-11-24 17:35:59', '2018-11-24 17:40:59', 76),
('2018-11-24 17:35:59', '2018-11-24 17:40:59', 77),
('2018-11-24 17:35:59', '2018-11-24 17:40:59', 78),
('2018-11-24 17:35:59', '2018-11-24 17:40:59', 79),
('2018-11-24 17:35:59', '2018-11-24 17:40:59', 80),
('2018-11-24 17:35:59', '2018-11-24 17:40:59', 81),
('2018-11-24 17:35:59', '2018-11-24 17:40:59', 82),
('2018-11-24 17:35:59', '2018-11-24 17:40:59', 83),
('2018-11-24 17:35:59', '2018-11-24 17:40:59', 84),
('2018-11-24 17:35:59', '2018-11-24 17:40:59', 85),
('2018-11-24 17:35:59', '2018-11-24 17:40:59', 86),
('2018-11-24 17:35:59', '2018-11-24 17:40:59', 87),
('2018-11-24 17:35:59', '2018-11-24 17:40:59', 88),
('2018-11-24 17:35:59', '2018-11-24 17:40:59', 89),
('2018-11-24 17:35:59', '2018-11-24 17:40:59', 90),
('2018-11-24 17:35:59', '2018-11-24 17:40:59', 91),
('2018-11-24 17:35:59', '2018-11-24 17:40:59', 92),
('2018-11-24 17:35:59', '2018-11-24 17:40:59', 93),
('2018-11-24 17:35:59', '2018-11-24 17:40:59', 94),
('2018-11-24 17:35:59', '2018-11-24 17:40:59', 95),
('2018-11-24 17:35:59', '2018-11-24 17:40:59', 96),
('2018-11-24 17:35:59', '2018-11-24 17:40:59', 97),
('2018-11-24 17:35:59', '2018-11-24 17:40:59', 98),
('2018-11-24 17:35:59', '2018-11-24 17:40:59', 99);
INSERT INTO Local VALUES
('local0'),
('local1'),
('local2'),
('local3'),
('local4'),
('local5'),
('local6'),
('local7'),
('local8'),
('local9'),
('local10'),
('local11'),
('local12'),
('local13'),
('local14'),
('local15'),
('local16'),
('local17'),
('local18'),
('local19'),
('local20'),
('local21'),
('local22'),
('local23'),
('local24'),
('local25'),
('local26'),
('local27'),
('local28'),
('local29'),
('local30'),
('local31'),
('local32'),
('local33'),
('local34'),
('local35'),
('local36'),
('local37'),
('local38'),
('local39'),
('local40'),
('local41'),
('local42'),
('local43'),
('local44'),
('local45'),
('local46'),
('local47'),
('local48'),
('local49'),
('local50'),
('local51'),
('local52'),
('local53'),
('local54'),
('local55'),
('local56'),
('local57'),
('local58'),
('local59'),
('local60'),
('local61'),
('local62'),
('local63'),
('local64'),
('local65'),
('local66'),
('local67'),
('local68'),
('local69'),
('local70'),
('local71'),
('local72'),
('local73'),
('local74'),
('local75'),
('local76'),
('local77'),
('local78'),
('local79'),
('local80'),
('local81'),
('local82'),
('local83'),
('local84'),
('local85'),
('local86'),
('local87'),
('local88'),
('local89'),
('local90'),
('local91'),
('local92'),
('local93'),
('local94'),
('local95'),
('local96'),
('local97'),
('local98'),
('local99');
INSERT INTO Vigia VALUES
('local44', 0),
('local54', 1),
('local55', 2),
('local98', 3),
('local85', 4),
('local3', 5),
('local96', 6),
('local88', 7),
('local81', 8),
('local43', 9),
('local46', 10),
('local14', 11),
('local24', 12),
('local86', 13),
('local18', 14),
('local3', 15),
('local20', 16),
('local28', 17),
('local3', 18),
('local4', 19),
('local17', 20),
('local46', 21),
('local63', 22),
('local56', 23),
('local76', 24),
('local96', 25),
('local8', 26),
('local67', 27),
('local52', 28),
('local53', 29),
('local35', 30),
('local26', 31),
('local60', 32),
('local74', 33),
('local7', 34),
('local52', 35),
('local58', 36),
('local56', 37),
('local70', 38),
('local79', 39),
('local29', 40),
('local82', 41),
('local91', 42),
('local87', 43),
('local92', 44),
('local45', 45),
('local44', 46),
('local32', 47),
('local86', 48),
('local60', 49),
('local97', 50),
('local11', 51),
('local32', 52),
('local57', 53),
('local79', 54),
('local11', 55),
('local9', 56),
('local69', 57),
('local33', 58),
('local6', 59),
('local65', 60),
('local7', 61),
('local6', 62),
('local32', 63),
('local67', 64),
('local32', 65),
('local8', 66),
('local60', 67),
('local60', 68),
('local45', 69),
('local29', 70),
('local77', 71),
('local9', 72),
('local79', 73),
('local76', 74),
('local78', 75),
('local32', 76),
('local99', 77),
('local25', 78),
('local56', 79),
('local79', 80),
('local26', 81),
('local38', 82),
('local34', 83),
('local63', 84),
('local92', 85),
('local3', 86),
('local1', 87),
('local91', 88),
('local83', 89),
('local35', 90),
('local81', 91),
('local55', 92),
('local80', 93),
('local30', 94),
('local84', 95),
('local75', 96),
('local22', 97),
('local70', 98),
('local73', 99);