TRUNCATE TABLE Camara;
INSERT INTO Camara VALUES
(0),
(1),
(2),
(3),
(4),
(5),
(6),
(7),
(8),
(9),
(10),
(11),
(12),
(13),
(14),
(15),
(16),
(17),
(18),
(19),
(20),
(21),
(22),
(23),
(24),
(25),
(26),
(27),
(28),
(29),
(30),
(31),
(32),
(33),
(34),
(35),
(36),
(37),
(38),
(39),
(40),
(41),
(42),
(43),
(44),
(45),
(46),
(47),
(48),
(49),
(50),
(51),
(52),
(53),
(54),
(55),
(56),
(57),
(58),
(59),
(60),
(61),
(62),
(63),
(64),
(65),
(66),
(67),
(68),
(69),
(70),
(71),
(72),
(73),
(74),
(75),
(76),
(77),
(78),
(79),
(80),
(81),
(82),
(83),
(84),
(85),
(86),
(87),
(88),
(89),
(90),
(91),
(92),
(93),
(94),
(95),
(96),
(97),
(98),
(99);
TRUNCATE TABLE Video;
INSERT INTO Video VALUES
('2018-11-25 17:29:36', '2018-11-25 17:34:36', 0),
('2018-11-25 17:29:36', '2018-11-25 17:34:36', 1),
('2018-11-25 17:29:36', '2018-11-25 17:34:36', 2),
('2018-11-25 17:29:36', '2018-11-25 17:34:36', 3),
('2018-11-25 17:29:36', '2018-11-25 17:34:36', 4),
('2018-11-25 17:29:36', '2018-11-25 17:34:36', 5),
('2018-11-25 17:29:36', '2018-11-25 17:34:36', 6),
('2018-11-25 17:29:36', '2018-11-25 17:34:36', 7),
('2018-11-25 17:29:36', '2018-11-25 17:34:36', 8),
('2018-11-25 17:29:36', '2018-11-25 17:34:36', 9),
('2018-11-25 17:29:36', '2018-11-25 17:34:36', 10),
('2018-11-25 17:29:36', '2018-11-25 17:34:36', 11),
('2018-11-25 17:29:36', '2018-11-25 17:34:36', 12),
('2018-11-25 17:29:36', '2018-11-25 17:34:36', 13),
('2018-11-25 17:29:36', '2018-11-25 17:34:36', 14),
('2018-11-25 17:29:36', '2018-11-25 17:34:36', 15),
('2018-11-25 17:29:36', '2018-11-25 17:34:36', 16),
('2018-11-25 17:29:36', '2018-11-25 17:34:36', 17),
('2018-11-25 17:29:36', '2018-11-25 17:34:36', 18),
('2018-11-25 17:29:36', '2018-11-25 17:34:36', 19),
('2018-11-25 17:29:36', '2018-11-25 17:34:36', 20),
('2018-11-25 17:29:36', '2018-11-25 17:34:36', 21),
('2018-11-25 17:29:36', '2018-11-25 17:34:36', 22),
('2018-11-25 17:29:36', '2018-11-25 17:34:36', 23),
('2018-11-25 17:29:36', '2018-11-25 17:34:36', 24),
('2018-11-25 17:29:36', '2018-11-25 17:34:36', 25),
('2018-11-25 17:29:36', '2018-11-25 17:34:36', 26),
('2018-11-25 17:29:36', '2018-11-25 17:34:36', 27),
('2018-11-25 17:29:36', '2018-11-25 17:34:36', 28),
('2018-11-25 17:29:36', '2018-11-25 17:34:36', 29),
('2018-11-25 17:29:36', '2018-11-25 17:34:36', 30),
('2018-11-25 17:29:36', '2018-11-25 17:34:36', 31),
('2018-11-25 17:29:36', '2018-11-25 17:34:36', 32),
('2018-11-25 17:29:36', '2018-11-25 17:34:36', 33),
('2018-11-25 17:29:36', '2018-11-25 17:34:36', 34),
('2018-11-25 17:29:36', '2018-11-25 17:34:36', 35),
('2018-11-25 17:29:36', '2018-11-25 17:34:36', 36),
('2018-11-25 17:29:36', '2018-11-25 17:34:36', 37),
('2018-11-25 17:29:36', '2018-11-25 17:34:36', 38),
('2018-11-25 17:29:36', '2018-11-25 17:34:36', 39),
('2018-11-25 17:29:36', '2018-11-25 17:34:36', 40),
('2018-11-25 17:29:36', '2018-11-25 17:34:36', 41),
('2018-11-25 17:29:36', '2018-11-25 17:34:36', 42),
('2018-11-25 17:29:36', '2018-11-25 17:34:36', 43),
('2018-11-25 17:29:36', '2018-11-25 17:34:36', 44),
('2018-11-25 17:29:36', '2018-11-25 17:34:36', 45),
('2018-11-25 17:29:36', '2018-11-25 17:34:36', 46),
('2018-11-25 17:29:36', '2018-11-25 17:34:36', 47),
('2018-11-25 17:29:36', '2018-11-25 17:34:36', 48),
('2018-11-25 17:29:36', '2018-11-25 17:34:36', 49),
('2018-11-25 17:29:36', '2018-11-25 17:34:36', 50),
('2018-11-25 17:29:36', '2018-11-25 17:34:36', 51),
('2018-11-25 17:29:36', '2018-11-25 17:34:36', 52),
('2018-11-25 17:29:36', '2018-11-25 17:34:36', 53),
('2018-11-25 17:29:36', '2018-11-25 17:34:36', 54),
('2018-11-25 17:29:36', '2018-11-25 17:34:36', 55),
('2018-11-25 17:29:36', '2018-11-25 17:34:36', 56),
('2018-11-25 17:29:36', '2018-11-25 17:34:36', 57),
('2018-11-25 17:29:36', '2018-11-25 17:34:36', 58),
('2018-11-25 17:29:36', '2018-11-25 17:34:36', 59),
('2018-11-25 17:29:36', '2018-11-25 17:34:36', 60),
('2018-11-25 17:29:36', '2018-11-25 17:34:36', 61),
('2018-11-25 17:29:36', '2018-11-25 17:34:36', 62),
('2018-11-25 17:29:36', '2018-11-25 17:34:36', 63),
('2018-11-25 17:29:36', '2018-11-25 17:34:36', 64),
('2018-11-25 17:29:36', '2018-11-25 17:34:36', 65),
('2018-11-25 17:29:36', '2018-11-25 17:34:36', 66),
('2018-11-25 17:29:36', '2018-11-25 17:34:36', 67),
('2018-11-25 17:29:36', '2018-11-25 17:34:36', 68),
('2018-11-25 17:29:36', '2018-11-25 17:34:36', 69),
('2018-11-25 17:29:36', '2018-11-25 17:34:36', 70),
('2018-11-25 17:29:36', '2018-11-25 17:34:36', 71),
('2018-11-25 17:29:36', '2018-11-25 17:34:36', 72),
('2018-11-25 17:29:36', '2018-11-25 17:34:36', 73),
('2018-11-25 17:29:36', '2018-11-25 17:34:36', 74),
('2018-11-25 17:29:36', '2018-11-25 17:34:36', 75),
('2018-11-25 17:29:36', '2018-11-25 17:34:36', 76),
('2018-11-25 17:29:36', '2018-11-25 17:34:36', 77),
('2018-11-25 17:29:36', '2018-11-25 17:34:36', 78),
('2018-11-25 17:29:36', '2018-11-25 17:34:36', 79),
('2018-11-25 17:29:36', '2018-11-25 17:34:36', 80),
('2018-11-25 17:29:36', '2018-11-25 17:34:36', 81),
('2018-11-25 17:29:36', '2018-11-25 17:34:36', 82),
('2018-11-25 17:29:36', '2018-11-25 17:34:36', 83),
('2018-11-25 17:29:36', '2018-11-25 17:34:36', 84),
('2018-11-25 17:29:36', '2018-11-25 17:34:36', 85),
('2018-11-25 17:29:36', '2018-11-25 17:34:36', 86),
('2018-11-25 17:29:36', '2018-11-25 17:34:36', 87),
('2018-11-25 17:29:36', '2018-11-25 17:34:36', 88),
('2018-11-25 17:29:36', '2018-11-25 17:34:36', 89),
('2018-11-25 17:29:36', '2018-11-25 17:34:36', 90),
('2018-11-25 17:29:36', '2018-11-25 17:34:36', 91),
('2018-11-25 17:29:36', '2018-11-25 17:34:36', 92),
('2018-11-25 17:29:36', '2018-11-25 17:34:36', 93),
('2018-11-25 17:29:36', '2018-11-25 17:34:36', 94),
('2018-11-25 17:29:36', '2018-11-25 17:34:36', 95),
('2018-11-25 17:29:36', '2018-11-25 17:34:36', 96),
('2018-11-25 17:29:36', '2018-11-25 17:34:36', 97),
('2018-11-25 17:29:36', '2018-11-25 17:34:36', 98),
('2018-11-25 17:29:36', '2018-11-25 17:34:36', 99);
TRUNCATE TABLE SegmentoVideo;
INSERT INTO SegmentoVideo VALUES
(0, 3, '2018-11-25 17:29:36', 0),
(1, 5, '2018-11-25 17:29:36', 1),
(2, 1, '2018-11-25 17:29:36', 2),
(3, 2, '2018-11-25 17:29:36', 3),
(4, 0, '2018-11-25 17:29:36', 4),
(5, 5, '2018-11-25 17:29:36', 5),
(6, 3, '2018-11-25 17:29:36', 6),
(7, 3, '2018-11-25 17:29:36', 7),
(8, 4, '2018-11-25 17:29:36', 8),
(9, 4, '2018-11-25 17:29:36', 9),
(10, 4, '2018-11-25 17:29:36', 10),
(11, 5, '2018-11-25 17:29:36', 11),
(12, 2, '2018-11-25 17:29:36', 12),
(13, 4, '2018-11-25 17:29:36', 13),
(14, 1, '2018-11-25 17:29:36', 14),
(15, 5, '2018-11-25 17:29:36', 15),
(16, 5, '2018-11-25 17:29:36', 16),
(17, 2, '2018-11-25 17:29:36', 17),
(18, 1, '2018-11-25 17:29:36', 18),
(19, 1, '2018-11-25 17:29:36', 19),
(20, 2, '2018-11-25 17:29:36', 20),
(21, 4, '2018-11-25 17:29:36', 21),
(22, 3, '2018-11-25 17:29:36', 22),
(23, 4, '2018-11-25 17:29:36', 23),
(24, 2, '2018-11-25 17:29:36', 24),
(25, 5, '2018-11-25 17:29:36', 25),
(26, 1, '2018-11-25 17:29:36', 26),
(27, 4, '2018-11-25 17:29:36', 27),
(28, 0, '2018-11-25 17:29:36', 28),
(29, 0, '2018-11-25 17:29:36', 29),
(30, 5, '2018-11-25 17:29:36', 30),
(31, 0, '2018-11-25 17:29:36', 31),
(32, 2, '2018-11-25 17:29:36', 32),
(33, 0, '2018-11-25 17:29:36', 33),
(34, 2, '2018-11-25 17:29:36', 34),
(35, 0, '2018-11-25 17:29:36', 35),
(36, 3, '2018-11-25 17:29:36', 36),
(37, 4, '2018-11-25 17:29:36', 37),
(38, 1, '2018-11-25 17:29:36', 38),
(39, 0, '2018-11-25 17:29:36', 39),
(40, 4, '2018-11-25 17:29:36', 40),
(41, 3, '2018-11-25 17:29:36', 41),
(42, 0, '2018-11-25 17:29:36', 42),
(43, 5, '2018-11-25 17:29:36', 43),
(44, 1, '2018-11-25 17:29:36', 44),
(45, 0, '2018-11-25 17:29:36', 45),
(46, 3, '2018-11-25 17:29:36', 46),
(47, 3, '2018-11-25 17:29:36', 47),
(48, 5, '2018-11-25 17:29:36', 48),
(49, 4, '2018-11-25 17:29:36', 49),
(50, 2, '2018-11-25 17:29:36', 50),
(51, 3, '2018-11-25 17:29:36', 51),
(52, 5, '2018-11-25 17:29:36', 52),
(53, 1, '2018-11-25 17:29:36', 53),
(54, 3, '2018-11-25 17:29:36', 54),
(55, 3, '2018-11-25 17:29:36', 55),
(56, 2, '2018-11-25 17:29:36', 56),
(57, 4, '2018-11-25 17:29:36', 57),
(58, 1, '2018-11-25 17:29:36', 58),
(59, 2, '2018-11-25 17:29:36', 59),
(60, 4, '2018-11-25 17:29:36', 60),
(61, 1, '2018-11-25 17:29:36', 61),
(62, 2, '2018-11-25 17:29:36', 62),
(63, 4, '2018-11-25 17:29:36', 63),
(64, 2, '2018-11-25 17:29:36', 64),
(65, 5, '2018-11-25 17:29:36', 65),
(66, 3, '2018-11-25 17:29:36', 66),
(67, 4, '2018-11-25 17:29:36', 67),
(68, 4, '2018-11-25 17:29:36', 68),
(69, 5, '2018-11-25 17:29:36', 69),
(70, 2, '2018-11-25 17:29:36', 70),
(71, 5, '2018-11-25 17:29:36', 71),
(72, 0, '2018-11-25 17:29:36', 72),
(73, 4, '2018-11-25 17:29:36', 73),
(74, 3, '2018-11-25 17:29:36', 74),
(75, 5, '2018-11-25 17:29:36', 75),
(76, 5, '2018-11-25 17:29:36', 76),
(77, 5, '2018-11-25 17:29:36', 77),
(78, 2, '2018-11-25 17:29:36', 78),
(79, 5, '2018-11-25 17:29:36', 79),
(80, 5, '2018-11-25 17:29:36', 80),
(81, 4, '2018-11-25 17:29:36', 81),
(82, 3, '2018-11-25 17:29:36', 82),
(83, 1, '2018-11-25 17:29:36', 83),
(84, 2, '2018-11-25 17:29:36', 84),
(85, 1, '2018-11-25 17:29:36', 85),
(86, 0, '2018-11-25 17:29:36', 86),
(87, 4, '2018-11-25 17:29:36', 87),
(88, 3, '2018-11-25 17:29:36', 88),
(89, 1, '2018-11-25 17:29:36', 89),
(90, 1, '2018-11-25 17:29:36', 90),
(91, 0, '2018-11-25 17:29:36', 91),
(92, 5, '2018-11-25 17:29:36', 92),
(93, 0, '2018-11-25 17:29:36', 93),
(94, 5, '2018-11-25 17:29:36', 94),
(95, 0, '2018-11-25 17:29:36', 95),
(96, 4, '2018-11-25 17:29:36', 96),
(97, 1, '2018-11-25 17:29:36', 97),
(98, 0, '2018-11-25 17:29:36', 98),
(99, 3, '2018-11-25 17:29:36', 99);
TRUNCATE TABLE Local;
INSERT INTO Local VALUES
('local0'),
('local1'),
('local2'),
('local3'),
('local4'),
('local5'),
('local6'),
('local7'),
('local8'),
('local9'),
('local10'),
('local11'),
('local12'),
('local13'),
('local14'),
('local15'),
('local16'),
('local17'),
('local18'),
('local19'),
('local20'),
('local21'),
('local22'),
('local23'),
('local24'),
('local25'),
('local26'),
('local27'),
('local28'),
('local29'),
('local30'),
('local31'),
('local32'),
('local33'),
('local34'),
('local35'),
('local36'),
('local37'),
('local38'),
('local39'),
('local40'),
('local41'),
('local42'),
('local43'),
('local44'),
('local45'),
('local46'),
('local47'),
('local48'),
('local49'),
('local50'),
('local51'),
('local52'),
('local53'),
('local54'),
('local55'),
('local56'),
('local57'),
('local58'),
('local59'),
('local60'),
('local61'),
('local62'),
('local63'),
('local64'),
('local65'),
('local66'),
('local67'),
('local68'),
('local69'),
('local70'),
('local71'),
('local72'),
('local73'),
('local74'),
('local75'),
('local76'),
('local77'),
('local78'),
('local79'),
('local80'),
('local81'),
('local82'),
('local83'),
('local84'),
('local85'),
('local86'),
('local87'),
('local88'),
('local89'),
('local90'),
('local91'),
('local92'),
('local93'),
('local94'),
('local95'),
('local96'),
('local97'),
('local98'),
('local99');
TRUNCATE TABLE Vigia;
INSERT INTO Vigia VALUES
('local34', 0),
('local79', 1),
('local98', 2),
('local33', 3),
('local17', 4),
('local82', 5),
('local0', 6),
('local98', 7),
('local76', 8),
('local76', 9),
('local5', 10),
('local63', 11),
('local68', 12),
('local26', 13),
('local26', 14),
('local9', 15),
('local93', 16),
('local7', 17),
('local13', 18),
('local91', 19),
('local79', 20),
('local11', 21),
('local57', 22),
('local14', 23),
('local15', 24),
('local60', 25),
('local56', 26),
('local66', 27),
('local0', 28),
('local9', 29),
('local77', 30),
('local24', 31),
('local1', 32),
('local20', 33),
('local13', 34),
('local88', 35),
('local12', 36),
('local54', 37),
('local78', 38),
('local60', 39),
('local92', 40),
('local96', 41),
('local91', 42),
('local45', 43),
('local84', 44),
('local36', 45),
('local70', 46),
('local51', 47),
('local63', 48),
('local30', 49),
('local53', 50),
('local67', 51),
('local40', 52),
('local86', 53),
('local93', 54),
('local64', 55),
('local36', 56),
('local29', 57),
('local51', 58),
('local26', 59),
('local58', 60),
('local64', 61),
('local58', 62),
('local77', 63),
('local92', 64),
('local67', 65),
('local79', 66),
('local22', 67),
('local1', 68),
('local97', 69),
('local49', 70),
('local86', 71),
('local87', 72),
('local98', 73),
('local3', 74),
('local23', 75),
('local14', 76),
('local21', 77),
('local98', 78),
('local92', 79),
('local83', 80),
('local25', 81),
('local44', 82),
('local80', 83),
('local87', 84),
('local14', 85),
('local50', 86),
('local59', 87),
('local58', 88),
('local31', 89),
('local80', 90),
('local3', 91),
('local45', 92),
('local90', 93),
('local59', 94),
('local16', 95),
('local79', 96),
('local1', 97),
('local34', 98),
('local60', 99);
TRUNCATE TABLE ProcessoSocorro;
INSERT INTO ProcessoSocorro VALUES
(0),
(1),
(2),
(3),
(4),
(5),
(6),
(7),
(8),
(9),
(10),
(11),
(12),
(13),
(14),
(15),
(16),
(17),
(18),
(19),
(20),
(21),
(22),
(23),
(24),
(25),
(26),
(27),
(28),
(29),
(30),
(31),
(32),
(33),
(34),
(35),
(36),
(37),
(38),
(39),
(40),
(41),
(42),
(43),
(44),
(45),
(46),
(47),
(48),
(49),
(50),
(51),
(52),
(53),
(54),
(55),
(56),
(57),
(58),
(59),
(60),
(61),
(62),
(63),
(64),
(65),
(66),
(67),
(68),
(69),
(70),
(71),
(72),
(73),
(74),
(75),
(76),
(77),
(78),
(79),
(80),
(81),
(82),
(83),
(84),
(85),
(86),
(87),
(88),
(89),
(90),
(91),
(92),
(93),
(94),
(95),
(96),
(97),
(98),
(99);
TRUNCATE TABLE EventoEmergencia;
INSERT INTO EventoEmergencia VALUES
(960000000, '2018-11-25 17:29:36', 'pessoa0', 'local2', 0),
(960000001, '2018-11-25 17:29:36', 'pessoa1', 'local20', 1),
(960000002, '2018-11-25 17:29:36', 'pessoa2', 'local11', 2),
(960000003, '2018-11-25 17:29:36', 'pessoa3', 'local25', 3),
(960000004, '2018-11-25 17:29:36', 'pessoa4', 'local28', 4),
(960000005, '2018-11-25 17:29:36', 'pessoa5', 'local47', 5),
(960000006, '2018-11-25 17:29:36', 'pessoa6', 'local60', 6),
(960000007, '2018-11-25 17:29:36', 'pessoa7', 'local61', 7),
(960000008, '2018-11-25 17:29:36', 'pessoa8', 'local76', 8),
(960000009, '2018-11-25 17:29:36', 'pessoa9', 'local34', 9),
(960000010, '2018-11-25 17:29:36', 'pessoa10', 'local18', 10),
(960000011, '2018-11-25 17:29:36', 'pessoa11', 'local39', 11),
(960000012, '2018-11-25 17:29:36', 'pessoa12', 'local94', 12),
(960000013, '2018-11-25 17:29:36', 'pessoa13', 'local12', 13),
(960000014, '2018-11-25 17:29:36', 'pessoa14', 'local92', 14),
(960000015, '2018-11-25 17:29:36', 'pessoa15', 'local14', 15),
(960000016, '2018-11-25 17:29:36', 'pessoa16', 'local33', 16),
(960000017, '2018-11-25 17:29:36', 'pessoa17', 'local84', 17),
(960000018, '2018-11-25 17:29:36', 'pessoa18', 'local97', 18),
(960000019, '2018-11-25 17:29:36', 'pessoa19', 'local51', 19),
(960000020, '2018-11-25 17:29:36', 'pessoa20', 'local54', 20),
(960000021, '2018-11-25 17:29:36', 'pessoa21', 'local60', 21),
(960000022, '2018-11-25 17:29:36', 'pessoa22', 'local92', 22),
(960000023, '2018-11-25 17:29:36', 'pessoa23', 'local93', 23),
(960000024, '2018-11-25 17:29:36', 'pessoa24', 'local7', 24),
(960000025, '2018-11-25 17:29:36', 'pessoa25', 'local2', 25),
(960000026, '2018-11-25 17:29:36', 'pessoa26', 'local3', 26),
(960000027, '2018-11-25 17:29:36', 'pessoa27', 'local28', 27),
(960000028, '2018-11-25 17:29:36', 'pessoa28', 'local93', 28),
(960000029, '2018-11-25 17:29:36', 'pessoa29', 'local25', 29),
(960000030, '2018-11-25 17:29:36', 'pessoa30', 'local71', 30),
(960000031, '2018-11-25 17:29:36', 'pessoa31', 'local35', 31),
(960000032, '2018-11-25 17:29:36', 'pessoa32', 'local75', 32),
(960000033, '2018-11-25 17:29:36', 'pessoa33', 'local20', 33),
(960000034, '2018-11-25 17:29:36', 'pessoa34', 'local87', 34),
(960000035, '2018-11-25 17:29:36', 'pessoa35', 'local73', 35),
(960000036, '2018-11-25 17:29:36', 'pessoa36', 'local50', 36),
(960000037, '2018-11-25 17:29:36', 'pessoa37', 'local3', 37),
(960000038, '2018-11-25 17:29:36', 'pessoa38', 'local89', 38),
(960000039, '2018-11-25 17:29:36', 'pessoa39', 'local57', 39),
(960000040, '2018-11-25 17:29:36', 'pessoa40', 'local40', 40),
(960000041, '2018-11-25 17:29:36', 'pessoa41', 'local16', 41),
(960000042, '2018-11-25 17:29:36', 'pessoa42', 'local82', 42),
(960000043, '2018-11-25 17:29:36', 'pessoa43', 'local69', 43),
(960000044, '2018-11-25 17:29:36', 'pessoa44', 'local95', 44),
(960000045, '2018-11-25 17:29:36', 'pessoa45', 'local96', 45),
(960000046, '2018-11-25 17:29:36', 'pessoa46', 'local81', 46),
(960000047, '2018-11-25 17:29:36', 'pessoa47', 'local43', 47),
(960000048, '2018-11-25 17:29:36', 'pessoa48', 'local24', 48),
(960000049, '2018-11-25 17:29:36', 'pessoa49', 'local86', 49),
(960000050, '2018-11-25 17:29:36', 'pessoa50', 'local19', 50),
(960000051, '2018-11-25 17:29:36', 'pessoa51', 'local82', 51),
(960000052, '2018-11-25 17:29:36', 'pessoa52', 'local6', 52),
(960000053, '2018-11-25 17:29:36', 'pessoa53', 'local67', 53),
(960000054, '2018-11-25 17:29:36', 'pessoa54', 'local89', 54),
(960000055, '2018-11-25 17:29:36', 'pessoa55', 'local97', 55),
(960000056, '2018-11-25 17:29:36', 'pessoa56', 'local28', 56),
(960000057, '2018-11-25 17:29:36', 'pessoa57', 'local52', 57),
(960000058, '2018-11-25 17:29:36', 'pessoa58', 'local25', 58),
(960000059, '2018-11-25 17:29:36', 'pessoa59', 'local50', 59),
(960000060, '2018-11-25 17:29:36', 'pessoa60', 'local64', 60),
(960000061, '2018-11-25 17:29:36', 'pessoa61', 'local88', 61),
(960000062, '2018-11-25 17:29:36', 'pessoa62', 'local39', 62),
(960000063, '2018-11-25 17:29:36', 'pessoa63', 'local83', 63),
(960000064, '2018-11-25 17:29:36', 'pessoa64', 'local93', 64),
(960000065, '2018-11-25 17:29:36', 'pessoa65', 'local25', 65),
(960000066, '2018-11-25 17:29:36', 'pessoa66', 'local93', 66),
(960000067, '2018-11-25 17:29:36', 'pessoa67', 'local71', 67),
(960000068, '2018-11-25 17:29:36', 'pessoa68', 'local33', 68),
(960000069, '2018-11-25 17:29:36', 'pessoa69', 'local34', 69),
(960000070, '2018-11-25 17:29:36', 'pessoa70', 'local88', 70),
(960000071, '2018-11-25 17:29:36', 'pessoa71', 'local48', 71),
(960000072, '2018-11-25 17:29:36', 'pessoa72', 'local15', 72),
(960000073, '2018-11-25 17:29:36', 'pessoa73', 'local2', 73),
(960000074, '2018-11-25 17:29:36', 'pessoa74', 'local87', 74),
(960000075, '2018-11-25 17:29:36', 'pessoa75', 'local58', 75),
(960000076, '2018-11-25 17:29:36', 'pessoa76', 'local91', 76),
(960000077, '2018-11-25 17:29:36', 'pessoa77', 'local23', 77),
(960000078, '2018-11-25 17:29:36', 'pessoa78', 'local59', 78),
(960000079, '2018-11-25 17:29:36', 'pessoa79', 'local84', 79),
(960000080, '2018-11-25 17:29:36', 'pessoa80', 'local98', 80),
(960000081, '2018-11-25 17:29:36', 'pessoa81', 'local92', 81),
(960000082, '2018-11-25 17:29:36', 'pessoa82', 'local60', 82),
(960000083, '2018-11-25 17:29:36', 'pessoa83', 'local43', 83),
(960000084, '2018-11-25 17:29:36', 'pessoa84', 'local18', 84),
(960000085, '2018-11-25 17:29:36', 'pessoa85', 'local38', 85),
(960000086, '2018-11-25 17:29:36', 'pessoa86', 'local54', 86),
(960000087, '2018-11-25 17:29:36', 'pessoa87', 'local5', 87),
(960000088, '2018-11-25 17:29:36', 'pessoa88', 'local58', 88),
(960000089, '2018-11-25 17:29:36', 'pessoa89', 'local64', 89),
(960000090, '2018-11-25 17:29:36', 'pessoa90', 'local77', 90),
(960000091, '2018-11-25 17:29:36', 'pessoa91', 'local12', 91),
(960000092, '2018-11-25 17:29:36', 'pessoa92', 'local8', 92),
(960000093, '2018-11-25 17:29:36', 'pessoa93', 'local9', 93),
(960000094, '2018-11-25 17:29:36', 'pessoa94', 'local5', 94),
(960000095, '2018-11-25 17:29:36', 'pessoa95', 'local34', 95),
(960000096, '2018-11-25 17:29:36', 'pessoa96', 'local77', 96),
(960000097, '2018-11-25 17:29:36', 'pessoa97', 'local29', 97),
(960000098, '2018-11-25 17:29:36', 'pessoa98', 'local83', 98),
(960000099, '2018-11-25 17:29:36', 'pessoa99', 'local39', 99);
TRUNCATE TABLE EntidadeMeio;
INSERT INTO EntidadeMeio VALUES
('EntidadeMeio0'),
('EntidadeMeio1'),
('EntidadeMeio2'),
('EntidadeMeio3'),
('EntidadeMeio4'),
('EntidadeMeio5'),
('EntidadeMeio6'),
('EntidadeMeio7'),
('EntidadeMeio8'),
('EntidadeMeio9'),
('EntidadeMeio10'),
('EntidadeMeio11'),
('EntidadeMeio12'),
('EntidadeMeio13'),
('EntidadeMeio14'),
('EntidadeMeio15'),
('EntidadeMeio16'),
('EntidadeMeio17'),
('EntidadeMeio18'),
('EntidadeMeio19'),
('EntidadeMeio20'),
('EntidadeMeio21'),
('EntidadeMeio22'),
('EntidadeMeio23'),
('EntidadeMeio24'),
('EntidadeMeio25'),
('EntidadeMeio26'),
('EntidadeMeio27'),
('EntidadeMeio28'),
('EntidadeMeio29'),
('EntidadeMeio30'),
('EntidadeMeio31'),
('EntidadeMeio32'),
('EntidadeMeio33'),
('EntidadeMeio34'),
('EntidadeMeio35'),
('EntidadeMeio36'),
('EntidadeMeio37'),
('EntidadeMeio38'),
('EntidadeMeio39'),
('EntidadeMeio40'),
('EntidadeMeio41'),
('EntidadeMeio42'),
('EntidadeMeio43'),
('EntidadeMeio44'),
('EntidadeMeio45'),
('EntidadeMeio46'),
('EntidadeMeio47'),
('EntidadeMeio48'),
('EntidadeMeio49'),
('EntidadeMeio50'),
('EntidadeMeio51'),
('EntidadeMeio52'),
('EntidadeMeio53'),
('EntidadeMeio54'),
('EntidadeMeio55'),
('EntidadeMeio56'),
('EntidadeMeio57'),
('EntidadeMeio58'),
('EntidadeMeio59'),
('EntidadeMeio60'),
('EntidadeMeio61'),
('EntidadeMeio62'),
('EntidadeMeio63'),
('EntidadeMeio64'),
('EntidadeMeio65'),
('EntidadeMeio66'),
('EntidadeMeio67'),
('EntidadeMeio68'),
('EntidadeMeio69'),
('EntidadeMeio70'),
('EntidadeMeio71'),
('EntidadeMeio72'),
('EntidadeMeio73'),
('EntidadeMeio74'),
('EntidadeMeio75'),
('EntidadeMeio76'),
('EntidadeMeio77'),
('EntidadeMeio78'),
('EntidadeMeio79'),
('EntidadeMeio80'),
('EntidadeMeio81'),
('EntidadeMeio82'),
('EntidadeMeio83'),
('EntidadeMeio84'),
('EntidadeMeio85'),
('EntidadeMeio86'),
('EntidadeMeio87'),
('EntidadeMeio88'),
('EntidadeMeio89'),
('EntidadeMeio90'),
('EntidadeMeio91'),
('EntidadeMeio92'),
('EntidadeMeio93'),
('EntidadeMeio94'),
('EntidadeMeio95'),
('EntidadeMeio96'),
('EntidadeMeio97'),
('EntidadeMeio98'),
('EntidadeMeio99'),
('EntidadeMeio100'),
('EntidadeMeio101'),
('EntidadeMeio102'),
('EntidadeMeio103'),
('EntidadeMeio104'),
('EntidadeMeio105'),
('EntidadeMeio106'),
('EntidadeMeio107'),
('EntidadeMeio108'),
('EntidadeMeio109'),
('EntidadeMeio110'),
('EntidadeMeio111'),
('EntidadeMeio112'),
('EntidadeMeio113'),
('EntidadeMeio114'),
('EntidadeMeio115'),
('EntidadeMeio116'),
('EntidadeMeio117'),
('EntidadeMeio118'),
('EntidadeMeio119'),
('EntidadeMeio120'),
('EntidadeMeio121'),
('EntidadeMeio122'),
('EntidadeMeio123'),
('EntidadeMeio124'),
('EntidadeMeio125'),
('EntidadeMeio126'),
('EntidadeMeio127'),
('EntidadeMeio128'),
('EntidadeMeio129'),
('EntidadeMeio130'),
('EntidadeMeio131'),
('EntidadeMeio132'),
('EntidadeMeio133'),
('EntidadeMeio134'),
('EntidadeMeio135'),
('EntidadeMeio136'),
('EntidadeMeio137'),
('EntidadeMeio138'),
('EntidadeMeio139'),
('EntidadeMeio140'),
('EntidadeMeio141'),
('EntidadeMeio142'),
('EntidadeMeio143'),
('EntidadeMeio144'),
('EntidadeMeio145'),
('EntidadeMeio146'),
('EntidadeMeio147'),
('EntidadeMeio148'),
('EntidadeMeio149'),
('EntidadeMeio150'),
('EntidadeMeio151'),
('EntidadeMeio152'),
('EntidadeMeio153'),
('EntidadeMeio154'),
('EntidadeMeio155'),
('EntidadeMeio156'),
('EntidadeMeio157'),
('EntidadeMeio158'),
('EntidadeMeio159'),
('EntidadeMeio160'),
('EntidadeMeio161'),
('EntidadeMeio162'),
('EntidadeMeio163'),
('EntidadeMeio164'),
('EntidadeMeio165'),
('EntidadeMeio166'),
('EntidadeMeio167'),
('EntidadeMeio168'),
('EntidadeMeio169'),
('EntidadeMeio170'),
('EntidadeMeio171'),
('EntidadeMeio172'),
('EntidadeMeio173'),
('EntidadeMeio174'),
('EntidadeMeio175'),
('EntidadeMeio176'),
('EntidadeMeio177'),
('EntidadeMeio178'),
('EntidadeMeio179'),
('EntidadeMeio180'),
('EntidadeMeio181'),
('EntidadeMeio182'),
('EntidadeMeio183'),
('EntidadeMeio184'),
('EntidadeMeio185'),
('EntidadeMeio186'),
('EntidadeMeio187'),
('EntidadeMeio188'),
('EntidadeMeio189'),
('EntidadeMeio190'),
('EntidadeMeio191'),
('EntidadeMeio192'),
('EntidadeMeio193'),
('EntidadeMeio194'),
('EntidadeMeio195'),
('EntidadeMeio196'),
('EntidadeMeio197'),
('EntidadeMeio198'),
('EntidadeMeio199'),
('EntidadeMeio200'),
('EntidadeMeio201'),
('EntidadeMeio202'),
('EntidadeMeio203'),
('EntidadeMeio204'),
('EntidadeMeio205'),
('EntidadeMeio206'),
('EntidadeMeio207'),
('EntidadeMeio208'),
('EntidadeMeio209'),
('EntidadeMeio210'),
('EntidadeMeio211'),
('EntidadeMeio212'),
('EntidadeMeio213'),
('EntidadeMeio214'),
('EntidadeMeio215'),
('EntidadeMeio216'),
('EntidadeMeio217'),
('EntidadeMeio218'),
('EntidadeMeio219'),
('EntidadeMeio220'),
('EntidadeMeio221'),
('EntidadeMeio222'),
('EntidadeMeio223'),
('EntidadeMeio224'),
('EntidadeMeio225'),
('EntidadeMeio226'),
('EntidadeMeio227'),
('EntidadeMeio228'),
('EntidadeMeio229'),
('EntidadeMeio230'),
('EntidadeMeio231'),
('EntidadeMeio232'),
('EntidadeMeio233'),
('EntidadeMeio234'),
('EntidadeMeio235'),
('EntidadeMeio236'),
('EntidadeMeio237'),
('EntidadeMeio238'),
('EntidadeMeio239'),
('EntidadeMeio240'),
('EntidadeMeio241'),
('EntidadeMeio242'),
('EntidadeMeio243'),
('EntidadeMeio244'),
('EntidadeMeio245'),
('EntidadeMeio246'),
('EntidadeMeio247'),
('EntidadeMeio248'),
('EntidadeMeio249'),
('EntidadeMeio250'),
('EntidadeMeio251'),
('EntidadeMeio252'),
('EntidadeMeio253'),
('EntidadeMeio254'),
('EntidadeMeio255'),
('EntidadeMeio256'),
('EntidadeMeio257'),
('EntidadeMeio258'),
('EntidadeMeio259'),
('EntidadeMeio260'),
('EntidadeMeio261'),
('EntidadeMeio262'),
('EntidadeMeio263'),
('EntidadeMeio264'),
('EntidadeMeio265'),
('EntidadeMeio266'),
('EntidadeMeio267'),
('EntidadeMeio268'),
('EntidadeMeio269'),
('EntidadeMeio270'),
('EntidadeMeio271'),
('EntidadeMeio272'),
('EntidadeMeio273'),
('EntidadeMeio274'),
('EntidadeMeio275'),
('EntidadeMeio276'),
('EntidadeMeio277'),
('EntidadeMeio278'),
('EntidadeMeio279'),
('EntidadeMeio280'),
('EntidadeMeio281'),
('EntidadeMeio282'),
('EntidadeMeio283'),
('EntidadeMeio284'),
('EntidadeMeio285'),
('EntidadeMeio286'),
('EntidadeMeio287'),
('EntidadeMeio288'),
('EntidadeMeio289'),
('EntidadeMeio290'),
('EntidadeMeio291'),
('EntidadeMeio292'),
('EntidadeMeio293'),
('EntidadeMeio294'),
('EntidadeMeio295'),
('EntidadeMeio296'),
('EntidadeMeio297'),
('EntidadeMeio298'),
('EntidadeMeio299');
TRUNCATE TABLE Meio;
INSERT INTO Meio VALUES
(0, 'Meio0', 'EntidadeMeio0'),
(1, 'Meio1', 'EntidadeMeio1'),
(2, 'Meio2', 'EntidadeMeio2'),
(3, 'Meio3', 'EntidadeMeio3'),
(4, 'Meio4', 'EntidadeMeio4'),
(5, 'Meio5', 'EntidadeMeio5'),
(6, 'Meio6', 'EntidadeMeio6'),
(7, 'Meio7', 'EntidadeMeio7'),
(8, 'Meio8', 'EntidadeMeio8'),
(9, 'Meio9', 'EntidadeMeio9'),
(10, 'Meio10', 'EntidadeMeio10'),
(11, 'Meio11', 'EntidadeMeio11'),
(12, 'Meio12', 'EntidadeMeio12'),
(13, 'Meio13', 'EntidadeMeio13'),
(14, 'Meio14', 'EntidadeMeio14'),
(15, 'Meio15', 'EntidadeMeio15'),
(16, 'Meio16', 'EntidadeMeio16'),
(17, 'Meio17', 'EntidadeMeio17'),
(18, 'Meio18', 'EntidadeMeio18'),
(19, 'Meio19', 'EntidadeMeio19'),
(20, 'Meio20', 'EntidadeMeio20'),
(21, 'Meio21', 'EntidadeMeio21'),
(22, 'Meio22', 'EntidadeMeio22'),
(23, 'Meio23', 'EntidadeMeio23'),
(24, 'Meio24', 'EntidadeMeio24'),
(25, 'Meio25', 'EntidadeMeio25'),
(26, 'Meio26', 'EntidadeMeio26'),
(27, 'Meio27', 'EntidadeMeio27'),
(28, 'Meio28', 'EntidadeMeio28'),
(29, 'Meio29', 'EntidadeMeio29'),
(30, 'Meio30', 'EntidadeMeio30'),
(31, 'Meio31', 'EntidadeMeio31'),
(32, 'Meio32', 'EntidadeMeio32'),
(33, 'Meio33', 'EntidadeMeio33'),
(34, 'Meio34', 'EntidadeMeio34'),
(35, 'Meio35', 'EntidadeMeio35'),
(36, 'Meio36', 'EntidadeMeio36'),
(37, 'Meio37', 'EntidadeMeio37'),
(38, 'Meio38', 'EntidadeMeio38'),
(39, 'Meio39', 'EntidadeMeio39'),
(40, 'Meio40', 'EntidadeMeio40'),
(41, 'Meio41', 'EntidadeMeio41'),
(42, 'Meio42', 'EntidadeMeio42'),
(43, 'Meio43', 'EntidadeMeio43'),
(44, 'Meio44', 'EntidadeMeio44'),
(45, 'Meio45', 'EntidadeMeio45'),
(46, 'Meio46', 'EntidadeMeio46'),
(47, 'Meio47', 'EntidadeMeio47'),
(48, 'Meio48', 'EntidadeMeio48'),
(49, 'Meio49', 'EntidadeMeio49'),
(50, 'Meio50', 'EntidadeMeio50'),
(51, 'Meio51', 'EntidadeMeio51'),
(52, 'Meio52', 'EntidadeMeio52'),
(53, 'Meio53', 'EntidadeMeio53'),
(54, 'Meio54', 'EntidadeMeio54'),
(55, 'Meio55', 'EntidadeMeio55'),
(56, 'Meio56', 'EntidadeMeio56'),
(57, 'Meio57', 'EntidadeMeio57'),
(58, 'Meio58', 'EntidadeMeio58'),
(59, 'Meio59', 'EntidadeMeio59'),
(60, 'Meio60', 'EntidadeMeio60'),
(61, 'Meio61', 'EntidadeMeio61'),
(62, 'Meio62', 'EntidadeMeio62'),
(63, 'Meio63', 'EntidadeMeio63'),
(64, 'Meio64', 'EntidadeMeio64'),
(65, 'Meio65', 'EntidadeMeio65'),
(66, 'Meio66', 'EntidadeMeio66'),
(67, 'Meio67', 'EntidadeMeio67'),
(68, 'Meio68', 'EntidadeMeio68'),
(69, 'Meio69', 'EntidadeMeio69'),
(70, 'Meio70', 'EntidadeMeio70'),
(71, 'Meio71', 'EntidadeMeio71'),
(72, 'Meio72', 'EntidadeMeio72'),
(73, 'Meio73', 'EntidadeMeio73'),
(74, 'Meio74', 'EntidadeMeio74'),
(75, 'Meio75', 'EntidadeMeio75'),
(76, 'Meio76', 'EntidadeMeio76'),
(77, 'Meio77', 'EntidadeMeio77'),
(78, 'Meio78', 'EntidadeMeio78'),
(79, 'Meio79', 'EntidadeMeio79'),
(80, 'Meio80', 'EntidadeMeio80'),
(81, 'Meio81', 'EntidadeMeio81'),
(82, 'Meio82', 'EntidadeMeio82'),
(83, 'Meio83', 'EntidadeMeio83'),
(84, 'Meio84', 'EntidadeMeio84'),
(85, 'Meio85', 'EntidadeMeio85'),
(86, 'Meio86', 'EntidadeMeio86'),
(87, 'Meio87', 'EntidadeMeio87'),
(88, 'Meio88', 'EntidadeMeio88'),
(89, 'Meio89', 'EntidadeMeio89'),
(90, 'Meio90', 'EntidadeMeio90'),
(91, 'Meio91', 'EntidadeMeio91'),
(92, 'Meio92', 'EntidadeMeio92'),
(93, 'Meio93', 'EntidadeMeio93'),
(94, 'Meio94', 'EntidadeMeio94'),
(95, 'Meio95', 'EntidadeMeio95'),
(96, 'Meio96', 'EntidadeMeio96'),
(97, 'Meio97', 'EntidadeMeio97'),
(98, 'Meio98', 'EntidadeMeio98'),
(99, 'Meio99', 'EntidadeMeio99'),
(100, 'Meio100', 'EntidadeMeio100'),
(101, 'Meio101', 'EntidadeMeio101'),
(102, 'Meio102', 'EntidadeMeio102'),
(103, 'Meio103', 'EntidadeMeio103'),
(104, 'Meio104', 'EntidadeMeio104'),
(105, 'Meio105', 'EntidadeMeio105'),
(106, 'Meio106', 'EntidadeMeio106'),
(107, 'Meio107', 'EntidadeMeio107'),
(108, 'Meio108', 'EntidadeMeio108'),
(109, 'Meio109', 'EntidadeMeio109'),
(110, 'Meio110', 'EntidadeMeio110'),
(111, 'Meio111', 'EntidadeMeio111'),
(112, 'Meio112', 'EntidadeMeio112'),
(113, 'Meio113', 'EntidadeMeio113'),
(114, 'Meio114', 'EntidadeMeio114'),
(115, 'Meio115', 'EntidadeMeio115'),
(116, 'Meio116', 'EntidadeMeio116'),
(117, 'Meio117', 'EntidadeMeio117'),
(118, 'Meio118', 'EntidadeMeio118'),
(119, 'Meio119', 'EntidadeMeio119'),
(120, 'Meio120', 'EntidadeMeio120'),
(121, 'Meio121', 'EntidadeMeio121'),
(122, 'Meio122', 'EntidadeMeio122'),
(123, 'Meio123', 'EntidadeMeio123'),
(124, 'Meio124', 'EntidadeMeio124'),
(125, 'Meio125', 'EntidadeMeio125'),
(126, 'Meio126', 'EntidadeMeio126'),
(127, 'Meio127', 'EntidadeMeio127'),
(128, 'Meio128', 'EntidadeMeio128'),
(129, 'Meio129', 'EntidadeMeio129'),
(130, 'Meio130', 'EntidadeMeio130'),
(131, 'Meio131', 'EntidadeMeio131'),
(132, 'Meio132', 'EntidadeMeio132'),
(133, 'Meio133', 'EntidadeMeio133'),
(134, 'Meio134', 'EntidadeMeio134'),
(135, 'Meio135', 'EntidadeMeio135'),
(136, 'Meio136', 'EntidadeMeio136'),
(137, 'Meio137', 'EntidadeMeio137'),
(138, 'Meio138', 'EntidadeMeio138'),
(139, 'Meio139', 'EntidadeMeio139'),
(140, 'Meio140', 'EntidadeMeio140'),
(141, 'Meio141', 'EntidadeMeio141'),
(142, 'Meio142', 'EntidadeMeio142'),
(143, 'Meio143', 'EntidadeMeio143'),
(144, 'Meio144', 'EntidadeMeio144'),
(145, 'Meio145', 'EntidadeMeio145'),
(146, 'Meio146', 'EntidadeMeio146'),
(147, 'Meio147', 'EntidadeMeio147'),
(148, 'Meio148', 'EntidadeMeio148'),
(149, 'Meio149', 'EntidadeMeio149'),
(150, 'Meio150', 'EntidadeMeio150'),
(151, 'Meio151', 'EntidadeMeio151'),
(152, 'Meio152', 'EntidadeMeio152'),
(153, 'Meio153', 'EntidadeMeio153'),
(154, 'Meio154', 'EntidadeMeio154'),
(155, 'Meio155', 'EntidadeMeio155'),
(156, 'Meio156', 'EntidadeMeio156'),
(157, 'Meio157', 'EntidadeMeio157'),
(158, 'Meio158', 'EntidadeMeio158'),
(159, 'Meio159', 'EntidadeMeio159'),
(160, 'Meio160', 'EntidadeMeio160'),
(161, 'Meio161', 'EntidadeMeio161'),
(162, 'Meio162', 'EntidadeMeio162'),
(163, 'Meio163', 'EntidadeMeio163'),
(164, 'Meio164', 'EntidadeMeio164'),
(165, 'Meio165', 'EntidadeMeio165'),
(166, 'Meio166', 'EntidadeMeio166'),
(167, 'Meio167', 'EntidadeMeio167'),
(168, 'Meio168', 'EntidadeMeio168'),
(169, 'Meio169', 'EntidadeMeio169'),
(170, 'Meio170', 'EntidadeMeio170'),
(171, 'Meio171', 'EntidadeMeio171'),
(172, 'Meio172', 'EntidadeMeio172'),
(173, 'Meio173', 'EntidadeMeio173'),
(174, 'Meio174', 'EntidadeMeio174'),
(175, 'Meio175', 'EntidadeMeio175'),
(176, 'Meio176', 'EntidadeMeio176'),
(177, 'Meio177', 'EntidadeMeio177'),
(178, 'Meio178', 'EntidadeMeio178'),
(179, 'Meio179', 'EntidadeMeio179'),
(180, 'Meio180', 'EntidadeMeio180'),
(181, 'Meio181', 'EntidadeMeio181'),
(182, 'Meio182', 'EntidadeMeio182'),
(183, 'Meio183', 'EntidadeMeio183'),
(184, 'Meio184', 'EntidadeMeio184'),
(185, 'Meio185', 'EntidadeMeio185'),
(186, 'Meio186', 'EntidadeMeio186'),
(187, 'Meio187', 'EntidadeMeio187'),
(188, 'Meio188', 'EntidadeMeio188'),
(189, 'Meio189', 'EntidadeMeio189'),
(190, 'Meio190', 'EntidadeMeio190'),
(191, 'Meio191', 'EntidadeMeio191'),
(192, 'Meio192', 'EntidadeMeio192'),
(193, 'Meio193', 'EntidadeMeio193'),
(194, 'Meio194', 'EntidadeMeio194'),
(195, 'Meio195', 'EntidadeMeio195'),
(196, 'Meio196', 'EntidadeMeio196'),
(197, 'Meio197', 'EntidadeMeio197'),
(198, 'Meio198', 'EntidadeMeio198'),
(199, 'Meio199', 'EntidadeMeio199'),
(200, 'Meio200', 'EntidadeMeio200'),
(201, 'Meio201', 'EntidadeMeio201'),
(202, 'Meio202', 'EntidadeMeio202'),
(203, 'Meio203', 'EntidadeMeio203'),
(204, 'Meio204', 'EntidadeMeio204'),
(205, 'Meio205', 'EntidadeMeio205'),
(206, 'Meio206', 'EntidadeMeio206'),
(207, 'Meio207', 'EntidadeMeio207'),
(208, 'Meio208', 'EntidadeMeio208'),
(209, 'Meio209', 'EntidadeMeio209'),
(210, 'Meio210', 'EntidadeMeio210'),
(211, 'Meio211', 'EntidadeMeio211'),
(212, 'Meio212', 'EntidadeMeio212'),
(213, 'Meio213', 'EntidadeMeio213'),
(214, 'Meio214', 'EntidadeMeio214'),
(215, 'Meio215', 'EntidadeMeio215'),
(216, 'Meio216', 'EntidadeMeio216'),
(217, 'Meio217', 'EntidadeMeio217'),
(218, 'Meio218', 'EntidadeMeio218'),
(219, 'Meio219', 'EntidadeMeio219'),
(220, 'Meio220', 'EntidadeMeio220'),
(221, 'Meio221', 'EntidadeMeio221'),
(222, 'Meio222', 'EntidadeMeio222'),
(223, 'Meio223', 'EntidadeMeio223'),
(224, 'Meio224', 'EntidadeMeio224'),
(225, 'Meio225', 'EntidadeMeio225'),
(226, 'Meio226', 'EntidadeMeio226'),
(227, 'Meio227', 'EntidadeMeio227'),
(228, 'Meio228', 'EntidadeMeio228'),
(229, 'Meio229', 'EntidadeMeio229'),
(230, 'Meio230', 'EntidadeMeio230'),
(231, 'Meio231', 'EntidadeMeio231'),
(232, 'Meio232', 'EntidadeMeio232'),
(233, 'Meio233', 'EntidadeMeio233'),
(234, 'Meio234', 'EntidadeMeio234'),
(235, 'Meio235', 'EntidadeMeio235'),
(236, 'Meio236', 'EntidadeMeio236'),
(237, 'Meio237', 'EntidadeMeio237'),
(238, 'Meio238', 'EntidadeMeio238'),
(239, 'Meio239', 'EntidadeMeio239'),
(240, 'Meio240', 'EntidadeMeio240'),
(241, 'Meio241', 'EntidadeMeio241'),
(242, 'Meio242', 'EntidadeMeio242'),
(243, 'Meio243', 'EntidadeMeio243'),
(244, 'Meio244', 'EntidadeMeio244'),
(245, 'Meio245', 'EntidadeMeio245'),
(246, 'Meio246', 'EntidadeMeio246'),
(247, 'Meio247', 'EntidadeMeio247'),
(248, 'Meio248', 'EntidadeMeio248'),
(249, 'Meio249', 'EntidadeMeio249'),
(250, 'Meio250', 'EntidadeMeio250'),
(251, 'Meio251', 'EntidadeMeio251'),
(252, 'Meio252', 'EntidadeMeio252'),
(253, 'Meio253', 'EntidadeMeio253'),
(254, 'Meio254', 'EntidadeMeio254'),
(255, 'Meio255', 'EntidadeMeio255'),
(256, 'Meio256', 'EntidadeMeio256'),
(257, 'Meio257', 'EntidadeMeio257'),
(258, 'Meio258', 'EntidadeMeio258'),
(259, 'Meio259', 'EntidadeMeio259'),
(260, 'Meio260', 'EntidadeMeio260'),
(261, 'Meio261', 'EntidadeMeio261'),
(262, 'Meio262', 'EntidadeMeio262'),
(263, 'Meio263', 'EntidadeMeio263'),
(264, 'Meio264', 'EntidadeMeio264'),
(265, 'Meio265', 'EntidadeMeio265'),
(266, 'Meio266', 'EntidadeMeio266'),
(267, 'Meio267', 'EntidadeMeio267'),
(268, 'Meio268', 'EntidadeMeio268'),
(269, 'Meio269', 'EntidadeMeio269'),
(270, 'Meio270', 'EntidadeMeio270'),
(271, 'Meio271', 'EntidadeMeio271'),
(272, 'Meio272', 'EntidadeMeio272'),
(273, 'Meio273', 'EntidadeMeio273'),
(274, 'Meio274', 'EntidadeMeio274'),
(275, 'Meio275', 'EntidadeMeio275'),
(276, 'Meio276', 'EntidadeMeio276'),
(277, 'Meio277', 'EntidadeMeio277'),
(278, 'Meio278', 'EntidadeMeio278'),
(279, 'Meio279', 'EntidadeMeio279'),
(280, 'Meio280', 'EntidadeMeio280'),
(281, 'Meio281', 'EntidadeMeio281'),
(282, 'Meio282', 'EntidadeMeio282'),
(283, 'Meio283', 'EntidadeMeio283'),
(284, 'Meio284', 'EntidadeMeio284'),
(285, 'Meio285', 'EntidadeMeio285'),
(286, 'Meio286', 'EntidadeMeio286'),
(287, 'Meio287', 'EntidadeMeio287'),
(288, 'Meio288', 'EntidadeMeio288'),
(289, 'Meio289', 'EntidadeMeio289'),
(290, 'Meio290', 'EntidadeMeio290'),
(291, 'Meio291', 'EntidadeMeio291'),
(292, 'Meio292', 'EntidadeMeio292'),
(293, 'Meio293', 'EntidadeMeio293'),
(294, 'Meio294', 'EntidadeMeio294'),
(295, 'Meio295', 'EntidadeMeio295'),
(296, 'Meio296', 'EntidadeMeio296'),
(297, 'Meio297', 'EntidadeMeio297'),
(298, 'Meio298', 'EntidadeMeio298'),
(299, 'Meio299', 'EntidadeMeio299');
TRUNCATE TABLE MeioCombate;
INSERT INTO MeioCombate VALUES
(0, 'EntidadeMeio0'),
(1, 'EntidadeMeio1'),
(2, 'EntidadeMeio2'),
(3, 'EntidadeMeio3'),
(4, 'EntidadeMeio4'),
(5, 'EntidadeMeio5'),
(6, 'EntidadeMeio6'),
(7, 'EntidadeMeio7'),
(8, 'EntidadeMeio8'),
(9, 'EntidadeMeio9'),
(10, 'EntidadeMeio10'),
(11, 'EntidadeMeio11'),
(12, 'EntidadeMeio12'),
(13, 'EntidadeMeio13'),
(14, 'EntidadeMeio14'),
(15, 'EntidadeMeio15'),
(16, 'EntidadeMeio16'),
(17, 'EntidadeMeio17'),
(18, 'EntidadeMeio18'),
(19, 'EntidadeMeio19'),
(20, 'EntidadeMeio20'),
(21, 'EntidadeMeio21'),
(22, 'EntidadeMeio22'),
(23, 'EntidadeMeio23'),
(24, 'EntidadeMeio24'),
(25, 'EntidadeMeio25'),
(26, 'EntidadeMeio26'),
(27, 'EntidadeMeio27'),
(28, 'EntidadeMeio28'),
(29, 'EntidadeMeio29'),
(30, 'EntidadeMeio30'),
(31, 'EntidadeMeio31'),
(32, 'EntidadeMeio32'),
(33, 'EntidadeMeio33'),
(34, 'EntidadeMeio34'),
(35, 'EntidadeMeio35'),
(36, 'EntidadeMeio36'),
(37, 'EntidadeMeio37'),
(38, 'EntidadeMeio38'),
(39, 'EntidadeMeio39'),
(40, 'EntidadeMeio40'),
(41, 'EntidadeMeio41'),
(42, 'EntidadeMeio42'),
(43, 'EntidadeMeio43'),
(44, 'EntidadeMeio44'),
(45, 'EntidadeMeio45'),
(46, 'EntidadeMeio46'),
(47, 'EntidadeMeio47'),
(48, 'EntidadeMeio48'),
(49, 'EntidadeMeio49'),
(50, 'EntidadeMeio50'),
(51, 'EntidadeMeio51'),
(52, 'EntidadeMeio52'),
(53, 'EntidadeMeio53'),
(54, 'EntidadeMeio54'),
(55, 'EntidadeMeio55'),
(56, 'EntidadeMeio56'),
(57, 'EntidadeMeio57'),
(58, 'EntidadeMeio58'),
(59, 'EntidadeMeio59'),
(60, 'EntidadeMeio60'),
(61, 'EntidadeMeio61'),
(62, 'EntidadeMeio62'),
(63, 'EntidadeMeio63'),
(64, 'EntidadeMeio64'),
(65, 'EntidadeMeio65'),
(66, 'EntidadeMeio66'),
(67, 'EntidadeMeio67'),
(68, 'EntidadeMeio68'),
(69, 'EntidadeMeio69'),
(70, 'EntidadeMeio70'),
(71, 'EntidadeMeio71'),
(72, 'EntidadeMeio72'),
(73, 'EntidadeMeio73'),
(74, 'EntidadeMeio74'),
(75, 'EntidadeMeio75'),
(76, 'EntidadeMeio76'),
(77, 'EntidadeMeio77'),
(78, 'EntidadeMeio78'),
(79, 'EntidadeMeio79'),
(80, 'EntidadeMeio80'),
(81, 'EntidadeMeio81'),
(82, 'EntidadeMeio82'),
(83, 'EntidadeMeio83'),
(84, 'EntidadeMeio84'),
(85, 'EntidadeMeio85'),
(86, 'EntidadeMeio86'),
(87, 'EntidadeMeio87'),
(88, 'EntidadeMeio88'),
(89, 'EntidadeMeio89'),
(90, 'EntidadeMeio90'),
(91, 'EntidadeMeio91'),
(92, 'EntidadeMeio92'),
(93, 'EntidadeMeio93'),
(94, 'EntidadeMeio94'),
(95, 'EntidadeMeio95'),
(96, 'EntidadeMeio96'),
(97, 'EntidadeMeio97'),
(98, 'EntidadeMeio98'),
(99, 'EntidadeMeio99');
TRUNCATE TABLE MeioApoio;
INSERT INTO MeioApoio VALUES
(100, 'EntidadeMeio100'),
(101, 'EntidadeMeio101'),
(102, 'EntidadeMeio102'),
(103, 'EntidadeMeio103'),
(104, 'EntidadeMeio104'),
(105, 'EntidadeMeio105'),
(106, 'EntidadeMeio106'),
(107, 'EntidadeMeio107'),
(108, 'EntidadeMeio108'),
(109, 'EntidadeMeio109'),
(110, 'EntidadeMeio110'),
(111, 'EntidadeMeio111'),
(112, 'EntidadeMeio112'),
(113, 'EntidadeMeio113'),
(114, 'EntidadeMeio114'),
(115, 'EntidadeMeio115'),
(116, 'EntidadeMeio116'),
(117, 'EntidadeMeio117'),
(118, 'EntidadeMeio118'),
(119, 'EntidadeMeio119'),
(120, 'EntidadeMeio120'),
(121, 'EntidadeMeio121'),
(122, 'EntidadeMeio122'),
(123, 'EntidadeMeio123'),
(124, 'EntidadeMeio124'),
(125, 'EntidadeMeio125'),
(126, 'EntidadeMeio126'),
(127, 'EntidadeMeio127'),
(128, 'EntidadeMeio128'),
(129, 'EntidadeMeio129'),
(130, 'EntidadeMeio130'),
(131, 'EntidadeMeio131'),
(132, 'EntidadeMeio132'),
(133, 'EntidadeMeio133'),
(134, 'EntidadeMeio134'),
(135, 'EntidadeMeio135'),
(136, 'EntidadeMeio136'),
(137, 'EntidadeMeio137'),
(138, 'EntidadeMeio138'),
(139, 'EntidadeMeio139'),
(140, 'EntidadeMeio140'),
(141, 'EntidadeMeio141'),
(142, 'EntidadeMeio142'),
(143, 'EntidadeMeio143'),
(144, 'EntidadeMeio144'),
(145, 'EntidadeMeio145'),
(146, 'EntidadeMeio146'),
(147, 'EntidadeMeio147'),
(148, 'EntidadeMeio148'),
(149, 'EntidadeMeio149'),
(150, 'EntidadeMeio150'),
(151, 'EntidadeMeio151'),
(152, 'EntidadeMeio152'),
(153, 'EntidadeMeio153'),
(154, 'EntidadeMeio154'),
(155, 'EntidadeMeio155'),
(156, 'EntidadeMeio156'),
(157, 'EntidadeMeio157'),
(158, 'EntidadeMeio158'),
(159, 'EntidadeMeio159'),
(160, 'EntidadeMeio160'),
(161, 'EntidadeMeio161'),
(162, 'EntidadeMeio162'),
(163, 'EntidadeMeio163'),
(164, 'EntidadeMeio164'),
(165, 'EntidadeMeio165'),
(166, 'EntidadeMeio166'),
(167, 'EntidadeMeio167'),
(168, 'EntidadeMeio168'),
(169, 'EntidadeMeio169'),
(170, 'EntidadeMeio170'),
(171, 'EntidadeMeio171'),
(172, 'EntidadeMeio172'),
(173, 'EntidadeMeio173'),
(174, 'EntidadeMeio174'),
(175, 'EntidadeMeio175'),
(176, 'EntidadeMeio176'),
(177, 'EntidadeMeio177'),
(178, 'EntidadeMeio178'),
(179, 'EntidadeMeio179'),
(180, 'EntidadeMeio180'),
(181, 'EntidadeMeio181'),
(182, 'EntidadeMeio182'),
(183, 'EntidadeMeio183'),
(184, 'EntidadeMeio184'),
(185, 'EntidadeMeio185'),
(186, 'EntidadeMeio186'),
(187, 'EntidadeMeio187'),
(188, 'EntidadeMeio188'),
(189, 'EntidadeMeio189'),
(190, 'EntidadeMeio190'),
(191, 'EntidadeMeio191'),
(192, 'EntidadeMeio192'),
(193, 'EntidadeMeio193'),
(194, 'EntidadeMeio194'),
(195, 'EntidadeMeio195'),
(196, 'EntidadeMeio196'),
(197, 'EntidadeMeio197'),
(198, 'EntidadeMeio198'),
(199, 'EntidadeMeio199');
TRUNCATE TABLE MeioSocorro;
INSERT INTO MeioSocorro VALUES
(200, 'EntidadeMeio200'),
(201, 'EntidadeMeio201'),
(202, 'EntidadeMeio202'),
(203, 'EntidadeMeio203'),
(204, 'EntidadeMeio204'),
(205, 'EntidadeMeio205'),
(206, 'EntidadeMeio206'),
(207, 'EntidadeMeio207'),
(208, 'EntidadeMeio208'),
(209, 'EntidadeMeio209'),
(210, 'EntidadeMeio210'),
(211, 'EntidadeMeio211'),
(212, 'EntidadeMeio212'),
(213, 'EntidadeMeio213'),
(214, 'EntidadeMeio214'),
(215, 'EntidadeMeio215'),
(216, 'EntidadeMeio216'),
(217, 'EntidadeMeio217'),
(218, 'EntidadeMeio218'),
(219, 'EntidadeMeio219'),
(220, 'EntidadeMeio220'),
(221, 'EntidadeMeio221'),
(222, 'EntidadeMeio222'),
(223, 'EntidadeMeio223'),
(224, 'EntidadeMeio224'),
(225, 'EntidadeMeio225'),
(226, 'EntidadeMeio226'),
(227, 'EntidadeMeio227'),
(228, 'EntidadeMeio228'),
(229, 'EntidadeMeio229'),
(230, 'EntidadeMeio230'),
(231, 'EntidadeMeio231'),
(232, 'EntidadeMeio232'),
(233, 'EntidadeMeio233'),
(234, 'EntidadeMeio234'),
(235, 'EntidadeMeio235'),
(236, 'EntidadeMeio236'),
(237, 'EntidadeMeio237'),
(238, 'EntidadeMeio238'),
(239, 'EntidadeMeio239'),
(240, 'EntidadeMeio240'),
(241, 'EntidadeMeio241'),
(242, 'EntidadeMeio242'),
(243, 'EntidadeMeio243'),
(244, 'EntidadeMeio244'),
(245, 'EntidadeMeio245'),
(246, 'EntidadeMeio246'),
(247, 'EntidadeMeio247'),
(248, 'EntidadeMeio248'),
(249, 'EntidadeMeio249'),
(250, 'EntidadeMeio250'),
(251, 'EntidadeMeio251'),
(252, 'EntidadeMeio252'),
(253, 'EntidadeMeio253'),
(254, 'EntidadeMeio254'),
(255, 'EntidadeMeio255'),
(256, 'EntidadeMeio256'),
(257, 'EntidadeMeio257'),
(258, 'EntidadeMeio258'),
(259, 'EntidadeMeio259'),
(260, 'EntidadeMeio260'),
(261, 'EntidadeMeio261'),
(262, 'EntidadeMeio262'),
(263, 'EntidadeMeio263'),
(264, 'EntidadeMeio264'),
(265, 'EntidadeMeio265'),
(266, 'EntidadeMeio266'),
(267, 'EntidadeMeio267'),
(268, 'EntidadeMeio268'),
(269, 'EntidadeMeio269'),
(270, 'EntidadeMeio270'),
(271, 'EntidadeMeio271'),
(272, 'EntidadeMeio272'),
(273, 'EntidadeMeio273'),
(274, 'EntidadeMeio274'),
(275, 'EntidadeMeio275'),
(276, 'EntidadeMeio276'),
(277, 'EntidadeMeio277'),
(278, 'EntidadeMeio278'),
(279, 'EntidadeMeio279'),
(280, 'EntidadeMeio280'),
(281, 'EntidadeMeio281'),
(282, 'EntidadeMeio282'),
(283, 'EntidadeMeio283'),
(284, 'EntidadeMeio284'),
(285, 'EntidadeMeio285'),
(286, 'EntidadeMeio286'),
(287, 'EntidadeMeio287'),
(288, 'EntidadeMeio288'),
(289, 'EntidadeMeio289'),
(290, 'EntidadeMeio290'),
(291, 'EntidadeMeio291'),
(292, 'EntidadeMeio292'),
(293, 'EntidadeMeio293'),
(294, 'EntidadeMeio294'),
(295, 'EntidadeMeio295'),
(296, 'EntidadeMeio296'),
(297, 'EntidadeMeio297'),
(298, 'EntidadeMeio298'),
(299, 'EntidadeMeio299');
TRUNCATE TABLE Transporta;
INSERT INTO Transporta VALUES
(200, 'EntidadeMeio200', 7, 58),
(201, 'EntidadeMeio201', 8, 61),
(202, 'EntidadeMeio202', 5, 69),
(203, 'EntidadeMeio203', 8, 94),
(204, 'EntidadeMeio204', 3, 64),
(205, 'EntidadeMeio205', 1, 20),
(206, 'EntidadeMeio206', 9, 58),
(207, 'EntidadeMeio207', 8, 81),
(208, 'EntidadeMeio208', 7, 36),
(209, 'EntidadeMeio209', 4, 43),
(210, 'EntidadeMeio210', 10, 56),
(211, 'EntidadeMeio211', 9, 91),
(212, 'EntidadeMeio212', 9, 61),
(213, 'EntidadeMeio213', 7, 35),
(214, 'EntidadeMeio214', 2, 75),
(215, 'EntidadeMeio215', 8, 3),
(216, 'EntidadeMeio216', 8, 52),
(217, 'EntidadeMeio217', 3, 97),
(218, 'EntidadeMeio218', 3, 86),
(219, 'EntidadeMeio219', 7, 94),
(220, 'EntidadeMeio220', 2, 43),
(221, 'EntidadeMeio221', 1, 84),
(222, 'EntidadeMeio222', 6, 43),
(223, 'EntidadeMeio223', 1, 13),
(224, 'EntidadeMeio224', 1, 13),
(225, 'EntidadeMeio225', 3, 86),
(226, 'EntidadeMeio226', 6, 25),
(227, 'EntidadeMeio227', 4, 21),
(228, 'EntidadeMeio228', 10, 71),
(229, 'EntidadeMeio229', 1, 65),
(230, 'EntidadeMeio230', 10, 28),
(231, 'EntidadeMeio231', 9, 67),
(232, 'EntidadeMeio232', 5, 52),
(233, 'EntidadeMeio233', 3, 28),
(234, 'EntidadeMeio234', 6, 53),
(235, 'EntidadeMeio235', 4, 29),
(236, 'EntidadeMeio236', 5, 33),
(237, 'EntidadeMeio237', 10, 60),
(238, 'EntidadeMeio238', 6, 69),
(239, 'EntidadeMeio239', 1, 32),
(240, 'EntidadeMeio240', 4, 51),
(241, 'EntidadeMeio241', 6, 57),
(242, 'EntidadeMeio242', 2, 66),
(243, 'EntidadeMeio243', 6, 38),
(244, 'EntidadeMeio244', 3, 84),
(245, 'EntidadeMeio245', 10, 93),
(246, 'EntidadeMeio246', 10, 31),
(247, 'EntidadeMeio247', 1, 8),
(248, 'EntidadeMeio248', 7, 59),
(249, 'EntidadeMeio249', 5, 13),
(250, 'EntidadeMeio250', 8, 46),
(251, 'EntidadeMeio251', 10, 78),
(252, 'EntidadeMeio252', 8, 84),
(253, 'EntidadeMeio253', 10, 30),
(254, 'EntidadeMeio254', 5, 85),
(255, 'EntidadeMeio255', 3, 23),
(256, 'EntidadeMeio256', 6, 12),
(257, 'EntidadeMeio257', 9, 82),
(258, 'EntidadeMeio258', 9, 59),
(259, 'EntidadeMeio259', 3, 34),
(260, 'EntidadeMeio260', 9, 60),
(261, 'EntidadeMeio261', 4, 81),
(262, 'EntidadeMeio262', 2, 84),
(263, 'EntidadeMeio263', 4, 39),
(264, 'EntidadeMeio264', 3, 82),
(265, 'EntidadeMeio265', 9, 94),
(266, 'EntidadeMeio266', 9, 61),
(267, 'EntidadeMeio267', 4, 63),
(268, 'EntidadeMeio268', 8, 75),
(269, 'EntidadeMeio269', 1, 77),
(270, 'EntidadeMeio270', 3, 58),
(271, 'EntidadeMeio271', 5, 64),
(272, 'EntidadeMeio272', 7, 61),
(273, 'EntidadeMeio273', 5, 77),
(274, 'EntidadeMeio274', 5, 2),
(275, 'EntidadeMeio275', 5, 92),
(276, 'EntidadeMeio276', 10, 45),
(277, 'EntidadeMeio277', 4, 97),
(278, 'EntidadeMeio278', 10, 58),
(279, 'EntidadeMeio279', 4, 21),
(280, 'EntidadeMeio280', 5, 36),
(281, 'EntidadeMeio281', 9, 45),
(282, 'EntidadeMeio282', 4, 28),
(283, 'EntidadeMeio283', 7, 1),
(284, 'EntidadeMeio284', 5, 78),
(285, 'EntidadeMeio285', 7, 18),
(286, 'EntidadeMeio286', 8, 94),
(287, 'EntidadeMeio287', 9, 13),
(288, 'EntidadeMeio288', 9, 9),
(289, 'EntidadeMeio289', 4, 5),
(290, 'EntidadeMeio290', 2, 15),
(291, 'EntidadeMeio291', 6, 7),
(292, 'EntidadeMeio292', 5, 37),
(293, 'EntidadeMeio293', 9, 56),
(294, 'EntidadeMeio294', 1, 47),
(295, 'EntidadeMeio295', 9, 70),
(296, 'EntidadeMeio296', 6, 59),
(297, 'EntidadeMeio297', 3, 69),
(298, 'EntidadeMeio298', 3, 8),
(299, 'EntidadeMeio299', 1, 4);
TRUNCATE TABLE Alocado;
INSERT INTO Alocado VALUES
(100, 'EntidadeMeio100', 14, 15),
(101, 'EntidadeMeio101', 4, 57),
(102, 'EntidadeMeio102', 17, 49),
(103, 'EntidadeMeio103', 6, 85),
(104, 'EntidadeMeio104', 17, 82),
(105, 'EntidadeMeio105', 8, 12),
(106, 'EntidadeMeio106', 14, 80),
(107, 'EntidadeMeio107', 9, 35),
(108, 'EntidadeMeio108', 20, 7),
(109, 'EntidadeMeio109', 18, 56),
(110, 'EntidadeMeio110', 12, 38),
(111, 'EntidadeMeio111', 10, 27),
(112, 'EntidadeMeio112', 3, 44),
(113, 'EntidadeMeio113', 4, 48),
(114, 'EntidadeMeio114', 15, 51),
(115, 'EntidadeMeio115', 17, 89),
(116, 'EntidadeMeio116', 11, 17),
(117, 'EntidadeMeio117', 19, 47),
(118, 'EntidadeMeio118', 20, 84),
(119, 'EntidadeMeio119', 16, 48),
(120, 'EntidadeMeio120', 17, 9),
(121, 'EntidadeMeio121', 13, 83),
(122, 'EntidadeMeio122', 11, 84),
(123, 'EntidadeMeio123', 10, 50),
(124, 'EntidadeMeio124', 3, 24),
(125, 'EntidadeMeio125', 17, 27),
(126, 'EntidadeMeio126', 10, 10),
(127, 'EntidadeMeio127', 10, 63),
(128, 'EntidadeMeio128', 17, 2),
(129, 'EntidadeMeio129', 13, 56),
(130, 'EntidadeMeio130', 18, 40),
(131, 'EntidadeMeio131', 18, 91),
(132, 'EntidadeMeio132', 11, 94),
(133, 'EntidadeMeio133', 13, 51),
(134, 'EntidadeMeio134', 15, 32),
(135, 'EntidadeMeio135', 12, 73),
(136, 'EntidadeMeio136', 15, 78),
(137, 'EntidadeMeio137', 20, 91),
(138, 'EntidadeMeio138', 17, 85),
(139, 'EntidadeMeio139', 4, 67),
(140, 'EntidadeMeio140', 15, 86),
(141, 'EntidadeMeio141', 13, 0),
(142, 'EntidadeMeio142', 20, 44),
(143, 'EntidadeMeio143', 15, 32),
(144, 'EntidadeMeio144', 8, 3),
(145, 'EntidadeMeio145', 2, 89),
(146, 'EntidadeMeio146', 14, 60),
(147, 'EntidadeMeio147', 6, 77),
(148, 'EntidadeMeio148', 2, 95),
(149, 'EntidadeMeio149', 8, 86),
(150, 'EntidadeMeio150', 2, 95),
(151, 'EntidadeMeio151', 12, 12),
(152, 'EntidadeMeio152', 7, 1),
(153, 'EntidadeMeio153', 12, 34),
(154, 'EntidadeMeio154', 4, 96),
(155, 'EntidadeMeio155', 15, 43),
(156, 'EntidadeMeio156', 10, 14),
(157, 'EntidadeMeio157', 7, 17),
(158, 'EntidadeMeio158', 7, 27),
(159, 'EntidadeMeio159', 13, 0),
(160, 'EntidadeMeio160', 2, 69),
(161, 'EntidadeMeio161', 2, 69),
(162, 'EntidadeMeio162', 18, 70),
(163, 'EntidadeMeio163', 18, 23),
(164, 'EntidadeMeio164', 13, 8),
(165, 'EntidadeMeio165', 4, 10),
(166, 'EntidadeMeio166', 1, 86),
(167, 'EntidadeMeio167', 19, 15),
(168, 'EntidadeMeio168', 17, 44),
(169, 'EntidadeMeio169', 19, 43),
(170, 'EntidadeMeio170', 1, 58),
(171, 'EntidadeMeio171', 4, 90),
(172, 'EntidadeMeio172', 17, 88),
(173, 'EntidadeMeio173', 4, 49),
(174, 'EntidadeMeio174', 19, 73),
(175, 'EntidadeMeio175', 10, 96),
(176, 'EntidadeMeio176', 5, 98),
(177, 'EntidadeMeio177', 1, 25),
(178, 'EntidadeMeio178', 9, 6),
(179, 'EntidadeMeio179', 10, 35),
(180, 'EntidadeMeio180', 13, 23),
(181, 'EntidadeMeio181', 17, 2),
(182, 'EntidadeMeio182', 12, 37),
(183, 'EntidadeMeio183', 9, 23),
(184, 'EntidadeMeio184', 9, 85),
(185, 'EntidadeMeio185', 17, 7),
(186, 'EntidadeMeio186', 5, 48),
(187, 'EntidadeMeio187', 3, 12),
(188, 'EntidadeMeio188', 11, 75),
(189, 'EntidadeMeio189', 8, 11),
(190, 'EntidadeMeio190', 11, 74),
(191, 'EntidadeMeio191', 8, 8),
(192, 'EntidadeMeio192', 11, 13),
(193, 'EntidadeMeio193', 11, 93),
(194, 'EntidadeMeio194', 16, 42),
(195, 'EntidadeMeio195', 6, 24),
(196, 'EntidadeMeio196', 3, 67),
(197, 'EntidadeMeio197', 11, 39),
(198, 'EntidadeMeio198', 13, 97),
(199, 'EntidadeMeio199', 7, 11);
TRUNCATE TABLE Acciona;
INSERT INTO Acciona VALUES
(0, 'EntidadeMeio0', 25),
(1, 'EntidadeMeio1', 71),
(2, 'EntidadeMeio2', 84),
(3, 'EntidadeMeio3', 85),
(4, 'EntidadeMeio4', 0),
(5, 'EntidadeMeio5', 25),
(6, 'EntidadeMeio6', 30),
(7, 'EntidadeMeio7', 0),
(8, 'EntidadeMeio8', 26),
(9, 'EntidadeMeio9', 22),
(10, 'EntidadeMeio10', 32),
(11, 'EntidadeMeio11', 70),
(12, 'EntidadeMeio12', 58),
(13, 'EntidadeMeio13', 84),
(14, 'EntidadeMeio14', 8),
(15, 'EntidadeMeio15', 22),
(16, 'EntidadeMeio16', 31),
(17, 'EntidadeMeio17', 81),
(18, 'EntidadeMeio18', 55),
(19, 'EntidadeMeio19', 32),
(20, 'EntidadeMeio20', 64),
(21, 'EntidadeMeio21', 33),
(22, 'EntidadeMeio22', 78),
(23, 'EntidadeMeio23', 79),
(24, 'EntidadeMeio24', 19),
(25, 'EntidadeMeio25', 13),
(26, 'EntidadeMeio26', 18),
(27, 'EntidadeMeio27', 20),
(28, 'EntidadeMeio28', 91),
(29, 'EntidadeMeio29', 50),
(30, 'EntidadeMeio30', 29),
(31, 'EntidadeMeio31', 17),
(32, 'EntidadeMeio32', 48),
(33, 'EntidadeMeio33', 7),
(34, 'EntidadeMeio34', 72),
(35, 'EntidadeMeio35', 51),
(36, 'EntidadeMeio36', 31),
(37, 'EntidadeMeio37', 70),
(38, 'EntidadeMeio38', 63),
(39, 'EntidadeMeio39', 27),
(40, 'EntidadeMeio40', 87),
(41, 'EntidadeMeio41', 94),
(42, 'EntidadeMeio42', 35),
(43, 'EntidadeMeio43', 7),
(44, 'EntidadeMeio44', 4),
(45, 'EntidadeMeio45', 81),
(46, 'EntidadeMeio46', 24),
(47, 'EntidadeMeio47', 92),
(48, 'EntidadeMeio48', 41),
(49, 'EntidadeMeio49', 92),
(50, 'EntidadeMeio50', 65),
(51, 'EntidadeMeio51', 61),
(52, 'EntidadeMeio52', 25),
(53, 'EntidadeMeio53', 60),
(54, 'EntidadeMeio54', 59),
(55, 'EntidadeMeio55', 54),
(56, 'EntidadeMeio56', 34),
(57, 'EntidadeMeio57', 16),
(58, 'EntidadeMeio58', 71),
(59, 'EntidadeMeio59', 41),
(60, 'EntidadeMeio60', 73),
(61, 'EntidadeMeio61', 67),
(62, 'EntidadeMeio62', 70),
(63, 'EntidadeMeio63', 47),
(64, 'EntidadeMeio64', 89),
(65, 'EntidadeMeio65', 63),
(66, 'EntidadeMeio66', 78),
(67, 'EntidadeMeio67', 61),
(68, 'EntidadeMeio68', 20),
(69, 'EntidadeMeio69', 32),
(70, 'EntidadeMeio70', 34),
(71, 'EntidadeMeio71', 53),
(72, 'EntidadeMeio72', 34),
(73, 'EntidadeMeio73', 43),
(74, 'EntidadeMeio74', 21),
(75, 'EntidadeMeio75', 53),
(76, 'EntidadeMeio76', 12),
(77, 'EntidadeMeio77', 22),
(78, 'EntidadeMeio78', 96),
(79, 'EntidadeMeio79', 52),
(80, 'EntidadeMeio80', 59),
(81, 'EntidadeMeio81', 4),
(82, 'EntidadeMeio82', 56),
(83, 'EntidadeMeio83', 49),
(84, 'EntidadeMeio84', 50),
(85, 'EntidadeMeio85', 9),
(86, 'EntidadeMeio86', 96),
(87, 'EntidadeMeio87', 18),
(88, 'EntidadeMeio88', 48),
(89, 'EntidadeMeio89', 30),
(90, 'EntidadeMeio90', 56),
(91, 'EntidadeMeio91', 16),
(92, 'EntidadeMeio92', 96),
(93, 'EntidadeMeio93', 4),
(94, 'EntidadeMeio94', 7),
(95, 'EntidadeMeio95', 44),
(96, 'EntidadeMeio96', 73),
(97, 'EntidadeMeio97', 20),
(98, 'EntidadeMeio98', 81),
(99, 'EntidadeMeio99', 35);
TRUNCATE TABLE Coordenador;
INSERT INTO Coordenador VALUES
(0),
(1),
(2),
(3),
(4),
(5),
(6),
(7),
(8),
(9),
(10),
(11),
(12),
(13),
(14),
(15),
(16),
(17),
(18),
(19),
(20),
(21),
(22),
(23),
(24),
(25),
(26),
(27),
(28),
(29),
(30),
(31),
(32),
(33),
(34),
(35),
(36),
(37),
(38),
(39),
(40),
(41),
(42),
(43),
(44),
(45),
(46),
(47),
(48),
(49),
(50),
(51),
(52),
(53),
(54),
(55),
(56),
(57),
(58),
(59),
(60),
(61),
(62),
(63),
(64),
(65),
(66),
(67),
(68),
(69),
(70),
(71),
(72),
(73),
(74),
(75),
(76),
(77),
(78),
(79),
(80),
(81),
(82),
(83),
(84),
(85),
(86),
(87),
(88),
(89),
(90),
(91),
(92),
(93),
(94),
(95),
(96),
(97),
(98),
(99);
TRUNCATE TABLE Audita;
INSERT INTO Audita VALUES
(0, 45, 'EntidadeMeio45', 81, '2018-11-25 17:29:36', '2018-11-25 17:34:36'),
(1, 56, 'EntidadeMeio56', 34, '2018-11-25 17:29:36', '2018-11-25 17:34:36'),
(2, 41, 'EntidadeMeio41', 94, '2018-11-25 17:29:36', '2018-11-25 17:34:36'),
(3, 6, 'EntidadeMeio6', 30, '2018-11-25 17:29:36', '2018-11-25 17:34:36'),
(4, 67, 'EntidadeMeio67', 61, '2018-11-25 17:29:36', '2018-11-25 17:34:36'),
(5, 28, 'EntidadeMeio28', 91, '2018-11-25 17:29:36', '2018-11-25 17:34:36'),
(6, 3, 'EntidadeMeio3', 85, '2018-11-25 17:29:36', '2018-11-25 17:34:36'),
(7, 24, 'EntidadeMeio24', 19, '2018-11-25 17:29:36', '2018-11-25 17:34:36'),
(8, 3, 'EntidadeMeio3', 85, '2018-11-25 17:29:36', '2018-11-25 17:34:36'),
(9, 20, 'EntidadeMeio20', 64, '2018-11-25 17:29:36', '2018-11-25 17:34:36'),
(10, 68, 'EntidadeMeio68', 20, '2018-11-25 17:29:36', '2018-11-25 17:34:36'),
(11, 70, 'EntidadeMeio70', 34, '2018-11-25 17:29:36', '2018-11-25 17:34:36'),
(12, 82, 'EntidadeMeio82', 56, '2018-11-25 17:29:36', '2018-11-25 17:34:36'),
(13, 21, 'EntidadeMeio21', 33, '2018-11-25 17:29:36', '2018-11-25 17:34:36'),
(14, 94, 'EntidadeMeio94', 7, '2018-11-25 17:29:36', '2018-11-25 17:34:36'),
(15, 88, 'EntidadeMeio88', 48, '2018-11-25 17:29:36', '2018-11-25 17:34:36'),
(16, 39, 'EntidadeMeio39', 27, '2018-11-25 17:29:36', '2018-11-25 17:34:36'),
(17, 72, 'EntidadeMeio72', 34, '2018-11-25 17:29:36', '2018-11-25 17:34:36'),
(18, 58, 'EntidadeMeio58', 71, '2018-11-25 17:29:36', '2018-11-25 17:34:36'),
(19, 58, 'EntidadeMeio58', 71, '2018-11-25 17:29:36', '2018-11-25 17:34:36'),
(20, 83, 'EntidadeMeio83', 49, '2018-11-25 17:29:36', '2018-11-25 17:34:36'),
(21, 30, 'EntidadeMeio30', 29, '2018-11-25 17:29:36', '2018-11-25 17:34:36'),
(22, 32, 'EntidadeMeio32', 48, '2018-11-25 17:29:36', '2018-11-25 17:34:36'),
(23, 8, 'EntidadeMeio8', 26, '2018-11-25 17:29:36', '2018-11-25 17:34:36'),
(24, 72, 'EntidadeMeio72', 34, '2018-11-25 17:29:36', '2018-11-25 17:34:36'),
(25, 80, 'EntidadeMeio80', 59, '2018-11-25 17:29:36', '2018-11-25 17:34:36'),
(26, 90, 'EntidadeMeio90', 56, '2018-11-25 17:29:36', '2018-11-25 17:34:36'),
(27, 99, 'EntidadeMeio99', 35, '2018-11-25 17:29:36', '2018-11-25 17:34:36'),
(28, 45, 'EntidadeMeio45', 81, '2018-11-25 17:29:36', '2018-11-25 17:34:36'),
(29, 45, 'EntidadeMeio45', 81, '2018-11-25 17:29:36', '2018-11-25 17:34:36'),
(30, 72, 'EntidadeMeio72', 34, '2018-11-25 17:29:36', '2018-11-25 17:34:36'),
(31, 77, 'EntidadeMeio77', 22, '2018-11-25 17:29:36', '2018-11-25 17:34:36'),
(32, 41, 'EntidadeMeio41', 94, '2018-11-25 17:29:36', '2018-11-25 17:34:36'),
(33, 39, 'EntidadeMeio39', 27, '2018-11-25 17:29:36', '2018-11-25 17:34:36'),
(34, 10, 'EntidadeMeio10', 32, '2018-11-25 17:29:36', '2018-11-25 17:34:36'),
(35, 9, 'EntidadeMeio9', 22, '2018-11-25 17:29:36', '2018-11-25 17:34:36'),
(36, 16, 'EntidadeMeio16', 31, '2018-11-25 17:29:36', '2018-11-25 17:34:36'),
(37, 53, 'EntidadeMeio53', 60, '2018-11-25 17:29:36', '2018-11-25 17:34:36'),
(38, 51, 'EntidadeMeio51', 61, '2018-11-25 17:29:36', '2018-11-25 17:34:36'),
(39, 63, 'EntidadeMeio63', 47, '2018-11-25 17:29:36', '2018-11-25 17:34:36'),
(40, 46, 'EntidadeMeio46', 24, '2018-11-25 17:29:36', '2018-11-25 17:34:36'),
(41, 74, 'EntidadeMeio74', 21, '2018-11-25 17:29:36', '2018-11-25 17:34:36'),
(42, 15, 'EntidadeMeio15', 22, '2018-11-25 17:29:36', '2018-11-25 17:34:36'),
(43, 38, 'EntidadeMeio38', 63, '2018-11-25 17:29:36', '2018-11-25 17:34:36'),
(44, 41, 'EntidadeMeio41', 94, '2018-11-25 17:29:36', '2018-11-25 17:34:36'),
(45, 86, 'EntidadeMeio86', 96, '2018-11-25 17:29:36', '2018-11-25 17:34:36'),
(46, 9, 'EntidadeMeio9', 22, '2018-11-25 17:29:36', '2018-11-25 17:34:36'),
(47, 41, 'EntidadeMeio41', 94, '2018-11-25 17:29:36', '2018-11-25 17:34:36'),
(48, 51, 'EntidadeMeio51', 61, '2018-11-25 17:29:36', '2018-11-25 17:34:36'),
(49, 50, 'EntidadeMeio50', 65, '2018-11-25 17:29:36', '2018-11-25 17:34:36'),
(50, 90, 'EntidadeMeio90', 56, '2018-11-25 17:29:36', '2018-11-25 17:34:36'),
(51, 15, 'EntidadeMeio15', 22, '2018-11-25 17:29:36', '2018-11-25 17:34:36'),
(52, 63, 'EntidadeMeio63', 47, '2018-11-25 17:29:36', '2018-11-25 17:34:36'),
(53, 79, 'EntidadeMeio79', 52, '2018-11-25 17:29:36', '2018-11-25 17:34:36'),
(54, 22, 'EntidadeMeio22', 78, '2018-11-25 17:29:36', '2018-11-25 17:34:36'),
(55, 92, 'EntidadeMeio92', 96, '2018-11-25 17:29:36', '2018-11-25 17:34:36'),
(56, 75, 'EntidadeMeio75', 53, '2018-11-25 17:29:36', '2018-11-25 17:34:36'),
(57, 57, 'EntidadeMeio57', 16, '2018-11-25 17:29:36', '2018-11-25 17:34:36'),
(58, 86, 'EntidadeMeio86', 96, '2018-11-25 17:29:36', '2018-11-25 17:34:36'),
(59, 15, 'EntidadeMeio15', 22, '2018-11-25 17:29:36', '2018-11-25 17:34:36'),
(60, 9, 'EntidadeMeio9', 22, '2018-11-25 17:29:36', '2018-11-25 17:34:36'),
(61, 34, 'EntidadeMeio34', 72, '2018-11-25 17:29:36', '2018-11-25 17:34:36'),
(62, 68, 'EntidadeMeio68', 20, '2018-11-25 17:29:36', '2018-11-25 17:34:36'),
(63, 60, 'EntidadeMeio60', 73, '2018-11-25 17:29:36', '2018-11-25 17:34:36'),
(64, 58, 'EntidadeMeio58', 71, '2018-11-25 17:29:36', '2018-11-25 17:34:36'),
(65, 32, 'EntidadeMeio32', 48, '2018-11-25 17:29:36', '2018-11-25 17:34:36'),
(66, 55, 'EntidadeMeio55', 54, '2018-11-25 17:29:36', '2018-11-25 17:34:36'),
(67, 62, 'EntidadeMeio62', 70, '2018-11-25 17:29:36', '2018-11-25 17:34:36'),
(68, 21, 'EntidadeMeio21', 33, '2018-11-25 17:29:36', '2018-11-25 17:34:36'),
(69, 32, 'EntidadeMeio32', 48, '2018-11-25 17:29:36', '2018-11-25 17:34:36'),
(70, 27, 'EntidadeMeio27', 20, '2018-11-25 17:29:36', '2018-11-25 17:34:36'),
(71, 34, 'EntidadeMeio34', 72, '2018-11-25 17:29:36', '2018-11-25 17:34:36'),
(72, 68, 'EntidadeMeio68', 20, '2018-11-25 17:29:36', '2018-11-25 17:34:36'),
(73, 49, 'EntidadeMeio49', 92, '2018-11-25 17:29:36', '2018-11-25 17:34:36'),
(74, 70, 'EntidadeMeio70', 34, '2018-11-25 17:29:36', '2018-11-25 17:34:36'),
(75, 62, 'EntidadeMeio62', 70, '2018-11-25 17:29:36', '2018-11-25 17:34:36'),
(76, 69, 'EntidadeMeio69', 32, '2018-11-25 17:29:36', '2018-11-25 17:34:36'),
(77, 69, 'EntidadeMeio69', 32, '2018-11-25 17:29:36', '2018-11-25 17:34:36'),
(78, 16, 'EntidadeMeio16', 31, '2018-11-25 17:29:36', '2018-11-25 17:34:36'),
(79, 64, 'EntidadeMeio64', 89, '2018-11-25 17:29:36', '2018-11-25 17:34:36'),
(80, 68, 'EntidadeMeio68', 20, '2018-11-25 17:29:36', '2018-11-25 17:34:36'),
(81, 36, 'EntidadeMeio36', 31, '2018-11-25 17:29:36', '2018-11-25 17:34:36'),
(82, 37, 'EntidadeMeio37', 70, '2018-11-25 17:29:36', '2018-11-25 17:34:36'),
(83, 90, 'EntidadeMeio90', 56, '2018-11-25 17:29:36', '2018-11-25 17:34:36'),
(84, 41, 'EntidadeMeio41', 94, '2018-11-25 17:29:36', '2018-11-25 17:34:36'),
(85, 71, 'EntidadeMeio71', 53, '2018-11-25 17:29:36', '2018-11-25 17:34:36'),
(86, 26, 'EntidadeMeio26', 18, '2018-11-25 17:29:36', '2018-11-25 17:34:36'),
(87, 73, 'EntidadeMeio73', 43, '2018-11-25 17:29:36', '2018-11-25 17:34:36'),
(88, 28, 'EntidadeMeio28', 91, '2018-11-25 17:29:36', '2018-11-25 17:34:36'),
(89, 52, 'EntidadeMeio52', 25, '2018-11-25 17:29:36', '2018-11-25 17:34:36'),
(90, 7, 'EntidadeMeio7', 0, '2018-11-25 17:29:36', '2018-11-25 17:34:36'),
(91, 3, 'EntidadeMeio3', 85, '2018-11-25 17:29:36', '2018-11-25 17:34:36'),
(92, 60, 'EntidadeMeio60', 73, '2018-11-25 17:29:36', '2018-11-25 17:34:36'),
(93, 79, 'EntidadeMeio79', 52, '2018-11-25 17:29:36', '2018-11-25 17:34:36'),
(94, 31, 'EntidadeMeio31', 17, '2018-11-25 17:29:36', '2018-11-25 17:34:36'),
(95, 48, 'EntidadeMeio48', 41, '2018-11-25 17:29:36', '2018-11-25 17:34:36'),
(96, 74, 'EntidadeMeio74', 21, '2018-11-25 17:29:36', '2018-11-25 17:34:36'),
(97, 97, 'EntidadeMeio97', 20, '2018-11-25 17:29:36', '2018-11-25 17:34:36'),
(98, 14, 'EntidadeMeio14', 8, '2018-11-25 17:29:36', '2018-11-25 17:34:36'),
(99, 32, 'EntidadeMeio32', 48, '2018-11-25 17:29:36', '2018-11-25 17:34:36');
TRUNCATE TABLE Solicita;
INSERT INTO Solicita VALUES
(83, '2018-11-25 17:29:36', 83, '2018-11-25 17:29:36', '2018-11-25 17:34:36'),
(89, '2018-11-25 17:29:36', 89, '2018-11-25 17:29:36', '2018-11-25 17:34:36'),
(47, '2018-11-25 17:29:36', 47, '2018-11-25 17:29:36', '2018-11-25 17:34:36'),
(46, '2018-11-25 17:29:36', 46, '2018-11-25 17:29:36', '2018-11-25 17:34:36'),
(59, '2018-11-25 17:29:36', 59, '2018-11-25 17:29:36', '2018-11-25 17:34:36'),
(57, '2018-11-25 17:29:36', 57, '2018-11-25 17:29:36', '2018-11-25 17:34:36'),
(2, '2018-11-25 17:29:36', 2, '2018-11-25 17:29:36', '2018-11-25 17:34:36'),
(33, '2018-11-25 17:29:36', 33, '2018-11-25 17:29:36', '2018-11-25 17:34:36'),
(79, '2018-11-25 17:29:36', 79, '2018-11-25 17:29:36', '2018-11-25 17:34:36'),
(64, '2018-11-25 17:29:36', 64, '2018-11-25 17:29:36', '2018-11-25 17:34:36'),
(34, '2018-11-25 17:29:36', 34, '2018-11-25 17:29:36', '2018-11-25 17:34:36'),
(40, '2018-11-25 17:29:36', 40, '2018-11-25 17:29:36', '2018-11-25 17:34:36'),
(31, '2018-11-25 17:29:36', 31, '2018-11-25 17:29:36', '2018-11-25 17:34:36'),
(12, '2018-11-25 17:29:36', 12, '2018-11-25 17:29:36', '2018-11-25 17:34:36'),
(35, '2018-11-25 17:29:36', 35, '2018-11-25 17:29:36', '2018-11-25 17:34:36'),
(77, '2018-11-25 17:29:36', 77, '2018-11-25 17:29:36', '2018-11-25 17:34:36'),
(34, '2018-11-25 17:29:36', 34, '2018-11-25 17:29:36', '2018-11-25 17:34:36'),
(22, '2018-11-25 17:29:36', 22, '2018-11-25 17:29:36', '2018-11-25 17:34:36'),
(77, '2018-11-25 17:29:36', 77, '2018-11-25 17:29:36', '2018-11-25 17:34:36'),
(11, '2018-11-25 17:29:36', 11, '2018-11-25 17:29:36', '2018-11-25 17:34:36'),
(59, '2018-11-25 17:29:36', 59, '2018-11-25 17:29:36', '2018-11-25 17:34:36'),
(18, '2018-11-25 17:29:36', 18, '2018-11-25 17:29:36', '2018-11-25 17:34:36'),
(60, '2018-11-25 17:29:36', 60, '2018-11-25 17:29:36', '2018-11-25 17:34:36'),
(27, '2018-11-25 17:29:36', 27, '2018-11-25 17:29:36', '2018-11-25 17:34:36'),
(17, '2018-11-25 17:29:36', 17, '2018-11-25 17:29:36', '2018-11-25 17:34:36'),
(81, '2018-11-25 17:29:36', 81, '2018-11-25 17:29:36', '2018-11-25 17:34:36'),
(72, '2018-11-25 17:29:36', 72, '2018-11-25 17:29:36', '2018-11-25 17:34:36'),
(41, '2018-11-25 17:29:36', 41, '2018-11-25 17:29:36', '2018-11-25 17:34:36'),
(63, '2018-11-25 17:29:36', 63, '2018-11-25 17:29:36', '2018-11-25 17:34:36'),
(17, '2018-11-25 17:29:36', 17, '2018-11-25 17:29:36', '2018-11-25 17:34:36'),
(39, '2018-11-25 17:29:36', 39, '2018-11-25 17:29:36', '2018-11-25 17:34:36'),
(92, '2018-11-25 17:29:36', 92, '2018-11-25 17:29:36', '2018-11-25 17:34:36'),
(39, '2018-11-25 17:29:36', 39, '2018-11-25 17:29:36', '2018-11-25 17:34:36'),
(77, '2018-11-25 17:29:36', 77, '2018-11-25 17:29:36', '2018-11-25 17:34:36'),
(84, '2018-11-25 17:29:36', 84, '2018-11-25 17:29:36', '2018-11-25 17:34:36'),
(81, '2018-11-25 17:29:36', 81, '2018-11-25 17:29:36', '2018-11-25 17:34:36'),
(15, '2018-11-25 17:29:36', 15, '2018-11-25 17:29:36', '2018-11-25 17:34:36'),
(79, '2018-11-25 17:29:36', 79, '2018-11-25 17:29:36', '2018-11-25 17:34:36'),
(31, '2018-11-25 17:29:36', 31, '2018-11-25 17:29:36', '2018-11-25 17:34:36'),
(94, '2018-11-25 17:29:36', 94, '2018-11-25 17:29:36', '2018-11-25 17:34:36'),
(18, '2018-11-25 17:29:36', 18, '2018-11-25 17:29:36', '2018-11-25 17:34:36'),
(82, '2018-11-25 17:29:36', 82, '2018-11-25 17:29:36', '2018-11-25 17:34:36'),
(45, '2018-11-25 17:29:36', 45, '2018-11-25 17:29:36', '2018-11-25 17:34:36'),
(24, '2018-11-25 17:29:36', 24, '2018-11-25 17:29:36', '2018-11-25 17:34:36'),
(52, '2018-11-25 17:29:36', 52, '2018-11-25 17:29:36', '2018-11-25 17:34:36'),
(31, '2018-11-25 17:29:36', 31, '2018-11-25 17:29:36', '2018-11-25 17:34:36'),
(73, '2018-11-25 17:29:36', 73, '2018-11-25 17:29:36', '2018-11-25 17:34:36'),
(78, '2018-11-25 17:29:36', 78, '2018-11-25 17:29:36', '2018-11-25 17:34:36'),
(31, '2018-11-25 17:29:36', 31, '2018-11-25 17:29:36', '2018-11-25 17:34:36'),
(13, '2018-11-25 17:29:36', 13, '2018-11-25 17:29:36', '2018-11-25 17:34:36'),
(34, '2018-11-25 17:29:36', 34, '2018-11-25 17:29:36', '2018-11-25 17:34:36'),
(15, '2018-11-25 17:29:36', 15, '2018-11-25 17:29:36', '2018-11-25 17:34:36'),
(5, '2018-11-25 17:29:36', 5, '2018-11-25 17:29:36', '2018-11-25 17:34:36'),
(65, '2018-11-25 17:29:36', 65, '2018-11-25 17:29:36', '2018-11-25 17:34:36'),
(16, '2018-11-25 17:29:36', 16, '2018-11-25 17:29:36', '2018-11-25 17:34:36'),
(91, '2018-11-25 17:29:36', 91, '2018-11-25 17:29:36', '2018-11-25 17:34:36'),
(53, '2018-11-25 17:29:36', 53, '2018-11-25 17:29:36', '2018-11-25 17:34:36'),
(71, '2018-11-25 17:29:36', 71, '2018-11-25 17:29:36', '2018-11-25 17:34:36'),
(80, '2018-11-25 17:29:36', 80, '2018-11-25 17:29:36', '2018-11-25 17:34:36'),
(27, '2018-11-25 17:29:36', 27, '2018-11-25 17:29:36', '2018-11-25 17:34:36'),
(64, '2018-11-25 17:29:36', 64, '2018-11-25 17:29:36', '2018-11-25 17:34:36'),
(76, '2018-11-25 17:29:36', 76, '2018-11-25 17:29:36', '2018-11-25 17:34:36'),
(0, '2018-11-25 17:29:36', 0, '2018-11-25 17:29:36', '2018-11-25 17:34:36'),
(94, '2018-11-25 17:29:36', 94, '2018-11-25 17:29:36', '2018-11-25 17:34:36'),
(1, '2018-11-25 17:29:36', 1, '2018-11-25 17:29:36', '2018-11-25 17:34:36'),
(74, '2018-11-25 17:29:36', 74, '2018-11-25 17:29:36', '2018-11-25 17:34:36'),
(25, '2018-11-25 17:29:36', 25, '2018-11-25 17:29:36', '2018-11-25 17:34:36'),
(77, '2018-11-25 17:29:36', 77, '2018-11-25 17:29:36', '2018-11-25 17:34:36'),
(34, '2018-11-25 17:29:36', 34, '2018-11-25 17:29:36', '2018-11-25 17:34:36'),
(77, '2018-11-25 17:29:36', 77, '2018-11-25 17:29:36', '2018-11-25 17:34:36'),
(73, '2018-11-25 17:29:36', 73, '2018-11-25 17:29:36', '2018-11-25 17:34:36'),
(90, '2018-11-25 17:29:36', 90, '2018-11-25 17:29:36', '2018-11-25 17:34:36'),
(99, '2018-11-25 17:29:36', 99, '2018-11-25 17:29:36', '2018-11-25 17:34:36'),
(91, '2018-11-25 17:29:36', 91, '2018-11-25 17:29:36', '2018-11-25 17:34:36'),
(29, '2018-11-25 17:29:36', 29, '2018-11-25 17:29:36', '2018-11-25 17:34:36'),
(37, '2018-11-25 17:29:36', 37, '2018-11-25 17:29:36', '2018-11-25 17:34:36'),
(52, '2018-11-25 17:29:36', 52, '2018-11-25 17:29:36', '2018-11-25 17:34:36'),
(32, '2018-11-25 17:29:36', 32, '2018-11-25 17:29:36', '2018-11-25 17:34:36'),
(22, '2018-11-25 17:29:36', 22, '2018-11-25 17:29:36', '2018-11-25 17:34:36'),
(42, '2018-11-25 17:29:36', 42, '2018-11-25 17:29:36', '2018-11-25 17:34:36'),
(15, '2018-11-25 17:29:36', 15, '2018-11-25 17:29:36', '2018-11-25 17:34:36'),
(23, '2018-11-25 17:29:36', 23, '2018-11-25 17:29:36', '2018-11-25 17:34:36'),
(85, '2018-11-25 17:29:36', 85, '2018-11-25 17:29:36', '2018-11-25 17:34:36'),
(46, '2018-11-25 17:29:36', 46, '2018-11-25 17:29:36', '2018-11-25 17:34:36'),
(60, '2018-11-25 17:29:36', 60, '2018-11-25 17:29:36', '2018-11-25 17:34:36'),
(67, '2018-11-25 17:29:36', 67, '2018-11-25 17:29:36', '2018-11-25 17:34:36'),
(3, '2018-11-25 17:29:36', 3, '2018-11-25 17:29:36', '2018-11-25 17:34:36'),
(89, '2018-11-25 17:29:36', 89, '2018-11-25 17:29:36', '2018-11-25 17:34:36'),
(80, '2018-11-25 17:29:36', 80, '2018-11-25 17:29:36', '2018-11-25 17:34:36'),
(33, '2018-11-25 17:29:36', 33, '2018-11-25 17:29:36', '2018-11-25 17:34:36'),
(98, '2018-11-25 17:29:36', 98, '2018-11-25 17:29:36', '2018-11-25 17:34:36'),
(31, '2018-11-25 17:29:36', 31, '2018-11-25 17:29:36', '2018-11-25 17:34:36'),
(70, '2018-11-25 17:29:36', 70, '2018-11-25 17:29:36', '2018-11-25 17:34:36'),
(39, '2018-11-25 17:29:36', 39, '2018-11-25 17:29:36', '2018-11-25 17:34:36'),
(81, '2018-11-25 17:29:36', 81, '2018-11-25 17:29:36', '2018-11-25 17:34:36'),
(25, '2018-11-25 17:29:36', 25, '2018-11-25 17:29:36', '2018-11-25 17:34:36'),
(96, '2018-11-25 17:29:36', 96, '2018-11-25 17:29:36', '2018-11-25 17:34:36'),
(10, '2018-11-25 17:29:36', 10, '2018-11-25 17:29:36', '2018-11-25 17:34:36'),
(94, '2018-11-25 17:29:36', 94, '2018-11-25 17:29:36', '2018-11-25 17:34:36'),
(24, '2018-11-25 17:29:36', 24, '2018-11-25 17:29:36', '2018-11-25 17:34:36');
