TRUNCATE TABLE Camara CASCADE;
INSERT INTO Camara VALUES
(0),
(1),
(2),
(3),
(4),
(5),
(6),
(7),
(8),
(9),
(10),
(11),
(12),
(13),
(14),
(15),
(16),
(17),
(18),
(19),
(20),
(21),
(22),
(23),
(24),
(25),
(26),
(27),
(28),
(29),
(30),
(31),
(32),
(33),
(34),
(35),
(36),
(37),
(38),
(39),
(40),
(41),
(42),
(43),
(44),
(45),
(46),
(47),
(48),
(49),
(50),
(51),
(52),
(53),
(54),
(55),
(56),
(57),
(58),
(59),
(60),
(61),
(62),
(63),
(64),
(65),
(66),
(67),
(68),
(69),
(70),
(71),
(72),
(73),
(74),
(75),
(76),
(77),
(78),
(79),
(80),
(81),
(82),
(83),
(84),
(85),
(86),
(87),
(88),
(89),
(90),
(91),
(92),
(93),
(94),
(95),
(96),
(97),
(98),
(99);
TRUNCATE TABLE Video CASCADE;
INSERT INTO Video VALUES
('2018-11-26 12:28:59', '2018-11-26 12:33:59', 0),
('2018-11-26 12:28:59', '2018-11-26 12:33:59', 1),
('2018-11-26 12:28:59', '2018-11-26 12:33:59', 2),
('2018-11-26 12:28:59', '2018-11-26 12:33:59', 3),
('2018-11-26 12:28:59', '2018-11-26 12:33:59', 4),
('2018-11-26 12:28:59', '2018-11-26 12:33:59', 5),
('2018-11-26 12:28:59', '2018-11-26 12:33:59', 6),
('2018-11-26 12:28:59', '2018-11-26 12:33:59', 7),
('2018-11-26 12:28:59', '2018-11-26 12:33:59', 8),
('2018-11-26 12:28:59', '2018-11-26 12:33:59', 9),
('2018-11-26 12:28:59', '2018-11-26 12:33:59', 10),
('2018-11-26 12:28:59', '2018-11-26 12:33:59', 11),
('2018-11-26 12:28:59', '2018-11-26 12:33:59', 12),
('2018-11-26 12:28:59', '2018-11-26 12:33:59', 13),
('2018-11-26 12:28:59', '2018-11-26 12:33:59', 14),
('2018-11-26 12:28:59', '2018-11-26 12:33:59', 15),
('2018-11-26 12:28:59', '2018-11-26 12:33:59', 16),
('2018-11-26 12:28:59', '2018-11-26 12:33:59', 17),
('2018-11-26 12:28:59', '2018-11-26 12:33:59', 18),
('2018-11-26 12:28:59', '2018-11-26 12:33:59', 19),
('2018-11-26 12:28:59', '2018-11-26 12:33:59', 20),
('2018-11-26 12:28:59', '2018-11-26 12:33:59', 21),
('2018-11-26 12:28:59', '2018-11-26 12:33:59', 22),
('2018-11-26 12:28:59', '2018-11-26 12:33:59', 23),
('2018-11-26 12:28:59', '2018-11-26 12:33:59', 24),
('2018-11-26 12:28:59', '2018-11-26 12:33:59', 25),
('2018-11-26 12:28:59', '2018-11-26 12:33:59', 26),
('2018-11-26 12:28:59', '2018-11-26 12:33:59', 27),
('2018-11-26 12:28:59', '2018-11-26 12:33:59', 28),
('2018-11-26 12:28:59', '2018-11-26 12:33:59', 29),
('2018-11-26 12:28:59', '2018-11-26 12:33:59', 30),
('2018-11-26 12:28:59', '2018-11-26 12:33:59', 31),
('2018-11-26 12:28:59', '2018-11-26 12:33:59', 32),
('2018-11-26 12:28:59', '2018-11-26 12:33:59', 33),
('2018-11-26 12:28:59', '2018-11-26 12:33:59', 34),
('2018-11-26 12:28:59', '2018-11-26 12:33:59', 35),
('2018-11-26 12:28:59', '2018-11-26 12:33:59', 36),
('2018-11-26 12:28:59', '2018-11-26 12:33:59', 37),
('2018-11-26 12:28:59', '2018-11-26 12:33:59', 38),
('2018-11-26 12:28:59', '2018-11-26 12:33:59', 39),
('2018-11-26 12:28:59', '2018-11-26 12:33:59', 40),
('2018-11-26 12:28:59', '2018-11-26 12:33:59', 41),
('2018-11-26 12:28:59', '2018-11-26 12:33:59', 42),
('2018-11-26 12:28:59', '2018-11-26 12:33:59', 43),
('2018-11-26 12:28:59', '2018-11-26 12:33:59', 44),
('2018-11-26 12:28:59', '2018-11-26 12:33:59', 45),
('2018-11-26 12:28:59', '2018-11-26 12:33:59', 46),
('2018-11-26 12:28:59', '2018-11-26 12:33:59', 47),
('2018-11-26 12:28:59', '2018-11-26 12:33:59', 48),
('2018-11-26 12:28:59', '2018-11-26 12:33:59', 49),
('2018-11-26 12:28:59', '2018-11-26 12:33:59', 50),
('2018-11-26 12:28:59', '2018-11-26 12:33:59', 51),
('2018-11-26 12:28:59', '2018-11-26 12:33:59', 52),
('2018-11-26 12:28:59', '2018-11-26 12:33:59', 53),
('2018-11-26 12:28:59', '2018-11-26 12:33:59', 54),
('2018-11-26 12:28:59', '2018-11-26 12:33:59', 55),
('2018-11-26 12:28:59', '2018-11-26 12:33:59', 56),
('2018-11-26 12:28:59', '2018-11-26 12:33:59', 57),
('2018-11-26 12:28:59', '2018-11-26 12:33:59', 58),
('2018-11-26 12:28:59', '2018-11-26 12:33:59', 59),
('2018-11-26 12:28:59', '2018-11-26 12:33:59', 60),
('2018-11-26 12:28:59', '2018-11-26 12:33:59', 61),
('2018-11-26 12:28:59', '2018-11-26 12:33:59', 62),
('2018-11-26 12:28:59', '2018-11-26 12:33:59', 63),
('2018-11-26 12:28:59', '2018-11-26 12:33:59', 64),
('2018-11-26 12:28:59', '2018-11-26 12:33:59', 65),
('2018-11-26 12:28:59', '2018-11-26 12:33:59', 66),
('2018-11-26 12:28:59', '2018-11-26 12:33:59', 67),
('2018-11-26 12:28:59', '2018-11-26 12:33:59', 68),
('2018-11-26 12:28:59', '2018-11-26 12:33:59', 69),
('2018-11-26 12:28:59', '2018-11-26 12:33:59', 70),
('2018-11-26 12:28:59', '2018-11-26 12:33:59', 71),
('2018-11-26 12:28:59', '2018-11-26 12:33:59', 72),
('2018-11-26 12:28:59', '2018-11-26 12:33:59', 73),
('2018-11-26 12:28:59', '2018-11-26 12:33:59', 74),
('2018-11-26 12:28:59', '2018-11-26 12:33:59', 75),
('2018-11-26 12:28:59', '2018-11-26 12:33:59', 76),
('2018-11-26 12:28:59', '2018-11-26 12:33:59', 77),
('2018-11-26 12:28:59', '2018-11-26 12:33:59', 78),
('2018-11-26 12:28:59', '2018-11-26 12:33:59', 79),
('2018-11-26 12:28:59', '2018-11-26 12:33:59', 80),
('2018-11-26 12:28:59', '2018-11-26 12:33:59', 81),
('2018-11-26 12:28:59', '2018-11-26 12:33:59', 82),
('2018-11-26 12:28:59', '2018-11-26 12:33:59', 83),
('2018-11-26 12:28:59', '2018-11-26 12:33:59', 84),
('2018-11-26 12:28:59', '2018-11-26 12:33:59', 85),
('2018-11-26 12:28:59', '2018-11-26 12:33:59', 86),
('2018-11-26 12:28:59', '2018-11-26 12:33:59', 87),
('2018-11-26 12:28:59', '2018-11-26 12:33:59', 88),
('2018-11-26 12:28:59', '2018-11-26 12:33:59', 89),
('2018-11-26 12:28:59', '2018-11-26 12:33:59', 90),
('2018-11-26 12:28:59', '2018-11-26 12:33:59', 91),
('2018-11-26 12:28:59', '2018-11-26 12:33:59', 92),
('2018-11-26 12:28:59', '2018-11-26 12:33:59', 93),
('2018-11-26 12:28:59', '2018-11-26 12:33:59', 94),
('2018-11-26 12:28:59', '2018-11-26 12:33:59', 95),
('2018-11-26 12:28:59', '2018-11-26 12:33:59', 96),
('2018-11-26 12:28:59', '2018-11-26 12:33:59', 97),
('2018-11-26 12:28:59', '2018-11-26 12:33:59', 98),
('2018-11-26 12:28:59', '2018-11-26 12:33:59', 99);
TRUNCATE TABLE SegmentoVideo CASCADE;
INSERT INTO SegmentoVideo VALUES
-- (numSegmento, duração, dataHoraInicio, numCamara)
​

(0, 5, '2018-11-26 12:28:59', 0),
(1, 2, '2018-11-26 12:28:59', 1),
(2, 2, '2018-11-26 12:28:59', 2),
(3, 0, '2018-11-26 12:28:59', 3),
(4, 0, '2018-11-26 12:28:59', 4),
(5, 5, '2018-11-26 12:28:59', 5),
(6, 0, '2018-11-26 12:28:59', 6),
(7, 5, '2018-11-26 12:28:59', 7),
(8, 3, '2018-11-26 12:28:59', 8),
(9, 1, '2018-11-26 12:28:59', 9),
(10, 1, '2018-11-26 12:28:59', 10),
(11, 5, '2018-11-26 12:28:59', 11),
(12, 4, '2018-11-26 12:28:59', 12),
(13, 1, '2018-11-26 12:28:59', 13),
(14, 5, '2018-11-26 12:28:59', 14),
(15, 0, '2018-11-26 12:28:59', 15),
(16, 3, '2018-11-26 12:28:59', 16),
(17, 1, '2018-11-26 12:28:59', 17),
(18, 1, '2018-11-26 12:28:59', 18),
(19, 2, '2018-11-26 12:28:59', 19),
(20, 3, '2018-11-26 12:28:59', 20),
(21, 4, '2018-11-26 12:28:59', 21),
(22, 4, '2018-11-26 12:28:59', 22),
(23, 1, '2018-11-26 12:28:59', 23),
(24, 3, '2018-11-26 12:28:59', 24),
(25, 3, '2018-11-26 12:28:59', 25),
(26, 0, '2018-11-26 12:28:59', 26),
(27, 5, '2018-11-26 12:28:59', 27),
(28, 0, '2018-11-26 12:28:59', 28),
(29, 5, '2018-11-26 12:28:59', 29),
(30, 2, '2018-11-26 12:28:59', 30),
(31, 0, '2018-11-26 12:28:59', 31),
(32, 3, '2018-11-26 12:28:59', 32),
(33, 0, '2018-11-26 12:28:59', 33),
(34, 2, '2018-11-26 12:28:59', 34),
(35, 0, '2018-11-26 12:28:59', 35),
(36, 4, '2018-11-26 12:28:59', 36),
(37, 2, '2018-11-26 12:28:59', 37),
(38, 2, '2018-11-26 12:28:59', 38),
(39, 3, '2018-11-26 12:28:59', 39),
(40, 4, '2018-11-26 12:28:59', 40),
(41, 0, '2018-11-26 12:28:59', 41),
(42, 4, '2018-11-26 12:28:59', 42),
(43, 1, '2018-11-26 12:28:59', 43),
(44, 3, '2018-11-26 12:28:59', 44),
(45, 4, '2018-11-26 12:28:59', 45),
(46, 3, '2018-11-26 12:28:59', 46),
(47, 3, '2018-11-26 12:28:59', 47),
(48, 3, '2018-11-26 12:28:59', 48),
(49, 2, '2018-11-26 12:28:59', 49),
(50, 2, '2018-11-26 12:28:59', 50),
(51, 3, '2018-11-26 12:28:59', 51),
(52, 2, '2018-11-26 12:28:59', 52),
(53, 1, '2018-11-26 12:28:59', 53),
(54, 1, '2018-11-26 12:28:59', 54),
(55, 0, '2018-11-26 12:28:59', 55),
(56, 0, '2018-11-26 12:28:59', 56),
(57, 4, '2018-11-26 12:28:59', 57),
(58, 4, '2018-11-26 12:28:59', 58),
(59, 0, '2018-11-26 12:28:59', 59),
(60, 1, '2018-11-26 12:28:59', 60),
(61, 0, '2018-11-26 12:28:59', 61),
(62, 3, '2018-11-26 12:28:59', 62),
(63, 5, '2018-11-26 12:28:59', 63),
(64, 5, '2018-11-26 12:28:59', 64),
(65, 5, '2018-11-26 12:28:59', 65),
(66, 0, '2018-11-26 12:28:59', 66),
(67, 1, '2018-11-26 12:28:59', 67),
(68, 1, '2018-11-26 12:28:59', 68),
(69, 2, '2018-11-26 12:28:59', 69),
(70, 2, '2018-11-26 12:28:59', 70),
(71, 5, '2018-11-26 12:28:59', 71),
(72, 0, '2018-11-26 12:28:59', 72),
(73, 5, '2018-11-26 12:28:59', 73),
(74, 2, '2018-11-26 12:28:59', 74),
(75, 5, '2018-11-26 12:28:59', 75),
(76, 3, '2018-11-26 12:28:59', 76),
(77, 2, '2018-11-26 12:28:59', 77),
(78, 1, '2018-11-26 12:28:59', 78),
(79, 4, '2018-11-26 12:28:59', 79),
(80, 1, '2018-11-26 12:28:59', 80),
(81, 4, '2018-11-26 12:28:59', 81),
(82, 1, '2018-11-26 12:28:59', 82),
(83, 4, '2018-11-26 12:28:59', 83),
(84, 5, '2018-11-26 12:28:59', 84),
(85, 4, '2018-11-26 12:28:59', 85),
(86, 5, '2018-11-26 12:28:59', 86),
(87, 5, '2018-11-26 12:28:59', 87),
(88, 2, '2018-11-26 12:28:59', 88),
(89, 2, '2018-11-26 12:28:59', 89),
(90, 4, '2018-11-26 12:28:59', 90),
(91, 0, '2018-11-26 12:28:59', 91),
(92, 3, '2018-11-26 12:28:59', 92),
(93, 3, '2018-11-26 12:28:59', 93),
(94, 5, '2018-11-26 12:28:59', 94),
(95, 1, '2018-11-26 12:28:59', 95),
(96, 3, '2018-11-26 12:28:59', 96),
(97, 1, '2018-11-26 12:28:59', 97),
(98, 4, '2018-11-26 12:28:59', 98),
(99, 3, '2018-11-26 12:28:59', 99);
TRUNCATE TABLE Local CASCADE;
INSERT INTO Local VALUES
('local0'),
('local1'),
('local2'),
('local3'),
('local4'),
('local5'),
('local6'),
('local7'),
('local8'),
('local9'),
('local10'),
('local11'),
('local12'),
('local13'),
('local14'),
('local15'),
('local16'),
('local17'),
('local18'),
('local19'),
('local20'),
('local21'),
('local22'),
('local23'),
('local24'),
('local25'),
('local26'),
('local27'),
('local28'),
('local29'),
('local30'),
('local31'),
('local32'),
('local33'),
('local34'),
('local35'),
('local36'),
('local37'),
('local38'),
('local39'),
('local40'),
('local41'),
('local42'),
('local43'),
('local44'),
('local45'),
('local46'),
('local47'),
('local48'),
('local49'),
('local50'),
('local51'),
('local52'),
('local53'),
('local54'),
('local55'),
('local56'),
('local57'),
('local58'),
('local59'),
('local60'),
('local61'),
('local62'),
('local63'),
('local64'),
('local65'),
('local66'),
('local67'),
('local68'),
('local69'),
('local70'),
('local71'),
('local72'),
('local73'),
('local74'),
('local75'),
('local76'),
('local77'),
('local78'),
('local79'),
('local80'),
('local81'),
('local82'),
('local83'),
('local84'),
('local85'),
('local86'),
('local87'),
('local88'),
('local89'),
('local90'),
('local91'),
('local92'),
('local93'),
('local94'),
('local95'),
('local96'),
('local97'),
('local98'),
('local99');
TRUNCATE TABLE Vigia CASCADE;
INSERT INTO Vigia VALUES
('local36', 0),
('local18', 1),
('local80', 2),
('local28', 3),
('local55', 4),
('local9', 5),
('local87', 6),
('local62', 7),
('local23', 8),
('local89', 9),
('local19', 10),
('local16', 11),
('local48', 12),
('local87', 13),
('local9', 14),
('local92', 15),
('local96', 16),
('local10', 17),
('local8', 18),
('local93', 19),
('local0', 20),
('local40', 21),
('local74', 22),
('local76', 23),
('local85', 24),
('local12', 25),
('local97', 26),
('local73', 27),
('local54', 28),
('local48', 29),
('local45', 30),
('local54', 31),
('local55', 32),
('local14', 33),
('local85', 34),
('local6', 35),
('local91', 36),
('local82', 37),
('local55', 38),
('local59', 39),
('local83', 40),
('local8', 41),
('local20', 42),
('local97', 43),
('local22', 44),
('local58', 45),
('local59', 46),
('local69', 47),
('local52', 48),
('local13', 49),
('local6', 50),
('local71', 51),
('local48', 52),
('local97', 53),
('local34', 54),
('local58', 55),
('local63', 56),
('local90', 57),
('local1', 58),
('local83', 59),
('local89', 60),
('local77', 61),
('local90', 62),
('local76', 63),
('local6', 64),
('local90', 65),
('local89', 66),
('local72', 67),
('local44', 68),
('local31', 69),
('local46', 70),
('local92', 71),
('local94', 72),
('local86', 73),
('local9', 74),
('local21', 75),
('local9', 76),
('local36', 77),
('local65', 78),
('local25', 79),
('local88', 80),
('local52', 81),
('local9', 82),
('local97', 83),
('local72', 84),
('local88', 85),
('local1', 86),
('local1', 87),
('local87', 88),
('local41', 89),
('local33', 90),
('local14', 91),
('local15', 92),
('local0', 93),
('local13', 94),
('local80', 95),
('local75', 96),
('local77', 97),
('local24', 98),
('local0', 99);
TRUNCATE TABLE ProcessoSocorro CASCADE;
INSERT INTO ProcessoSocorro VALUES
(0),
(1),
(2),
(3),
(4),
(5),
(6),
(7),
(8),
(9),
(10),
(11),
(12),
(13),
(14),
(15),
(16),
(17),
(18),
(19),
(20),
(21),
(22),
(23),
(24),
(25),
(26),
(27),
(28),
(29),
(30),
(31),
(32),
(33),
(34),
(35),
(36),
(37),
(38),
(39),
(40),
(41),
(42),
(43),
(44),
(45),
(46),
(47),
(48),
(49),
(50),
(51),
(52),
(53),
(54),
(55),
(56),
(57),
(58),
(59),
(60),
(61),
(62),
(63),
(64),
(65),
(66),
(67),
(68),
(69),
(70),
(71),
(72),
(73),
(74),
(75),
(76),
(77),
(78),
(79),
(80),
(81),
(82),
(83),
(84),
(85),
(86),
(87),
(88),
(89),
(90),
(91),
(92),
(93),
(94),
(95),
(96),
(97),
(98),
(99);
TRUNCATE TABLE EventoEmergencia CASCADE;
INSERT INTO EventoEmergencia VALUES
(960000000, '2018-11-26 12:28:59', 'pessoa0', 'local53', 0),
(960000001, '2018-11-26 12:28:59', 'pessoa1', 'local38', 1),
(960000002, '2018-11-26 12:28:59', 'pessoa2', 'local87', 2),
(960000003, '2018-11-26 12:28:59', 'pessoa3', 'local4', 3),
(960000004, '2018-11-26 12:28:59', 'pessoa4', 'local8', 4),
(960000005, '2018-11-26 12:28:59', 'pessoa5', 'local70', 5),
(960000006, '2018-11-26 12:28:59', 'pessoa6', 'local70', 6),
(960000007, '2018-11-26 12:28:59', 'pessoa7', 'local94', 7),
(960000008, '2018-11-26 12:28:59', 'pessoa8', 'local53', 8),
(960000009, '2018-11-26 12:28:59', 'pessoa9', 'local75', 9),
(960000010, '2018-11-26 12:28:59', 'pessoa10', 'local95', 10),
(960000011, '2018-11-26 12:28:59', 'pessoa11', 'local57', 11),
(960000012, '2018-11-26 12:28:59', 'pessoa12', 'local19', 12),
(960000013, '2018-11-26 12:28:59', 'pessoa13', 'local12', 13),
(960000014, '2018-11-26 12:28:59', 'pessoa14', 'local64', 14),
(960000015, '2018-11-26 12:28:59', 'pessoa15', 'local49', 15),
(960000016, '2018-11-26 12:28:59', 'pessoa16', 'local51', 16),
(960000017, '2018-11-26 12:28:59', 'pessoa17', 'local18', 17),
(960000018, '2018-11-26 12:28:59', 'pessoa18', 'local43', 18),
(960000019, '2018-11-26 12:28:59', 'pessoa19', 'local45', 19),
(960000020, '2018-11-26 12:28:59', 'pessoa20', 'local61', 20),
(960000021, '2018-11-26 12:28:59', 'pessoa21', 'local93', 21),
(960000022, '2018-11-26 12:28:59', 'pessoa22', 'local74', 22),
(960000023, '2018-11-26 12:28:59', 'pessoa23', 'local20', 23),
(960000024, '2018-11-26 12:28:59', 'pessoa24', 'local75', 24),
(960000025, '2018-11-26 12:28:59', 'pessoa25', 'local56', 25),
(960000026, '2018-11-26 12:28:59', 'pessoa26', 'local78', 26),
(960000027, '2018-11-26 12:28:59', 'pessoa27', 'local43', 27),
(960000028, '2018-11-26 12:28:59', 'pessoa28', 'local64', 28),
(960000029, '2018-11-26 12:28:59', 'pessoa29', 'local76', 29),
(960000030, '2018-11-26 12:28:59', 'pessoa30', 'local62', 30),
(960000031, '2018-11-26 12:28:59', 'pessoa31', 'local45', 31),
(960000032, '2018-11-26 12:28:59', 'pessoa32', 'local14', 32),
(960000033, '2018-11-26 12:28:59', 'pessoa33', 'local7', 33),
(960000034, '2018-11-26 12:28:59', 'pessoa34', 'local23', 34),
(960000035, '2018-11-26 12:28:59', 'pessoa35', 'local54', 35),
(960000036, '2018-11-26 12:28:59', 'pessoa36', 'local1', 36),
(960000037, '2018-11-26 12:28:59', 'pessoa37', 'local9', 37),
(960000038, '2018-11-26 12:28:59', 'pessoa38', 'local17', 38),
(960000039, '2018-11-26 12:28:59', 'pessoa39', 'local34', 39),
(960000040, '2018-11-26 12:28:59', 'pessoa40', 'local27', 40),
(960000041, '2018-11-26 12:28:59', 'pessoa41', 'local30', 41),
(960000042, '2018-11-26 12:28:59', 'pessoa42', 'local91', 42),
(960000043, '2018-11-26 12:28:59', 'pessoa43', 'local52', 43),
(960000044, '2018-11-26 12:28:59', 'pessoa44', 'local30', 44),
(960000045, '2018-11-26 12:28:59', 'pessoa45', 'local9', 45),
(960000046, '2018-11-26 12:28:59', 'pessoa46', 'local50', 46),
(960000047, '2018-11-26 12:28:59', 'pessoa47', 'local82', 47),
(960000048, '2018-11-26 12:28:59', 'pessoa48', 'local72', 48),
(960000049, '2018-11-26 12:28:59', 'pessoa49', 'local53', 49),
(960000050, '2018-11-26 12:28:59', 'pessoa50', 'local59', 50),
(960000051, '2018-11-26 12:28:59', 'pessoa51', 'local36', 51),
(960000052, '2018-11-26 12:28:59', 'pessoa52', 'local56', 52),
(960000053, '2018-11-26 12:28:59', 'pessoa53', 'local31', 53),
(960000054, '2018-11-26 12:28:59', 'pessoa54', 'local48', 54),
(960000055, '2018-11-26 12:28:59', 'pessoa55', 'local21', 55),
(960000056, '2018-11-26 12:28:59', 'pessoa56', 'local17', 56),
(960000057, '2018-11-26 12:28:59', 'pessoa57', 'local84', 57),
(960000058, '2018-11-26 12:28:59', 'pessoa58', 'local44', 58),
(960000059, '2018-11-26 12:28:59', 'pessoa59', 'local53', 59),
(960000060, '2018-11-26 12:28:59', 'pessoa60', 'local71', 60),
(960000061, '2018-11-26 12:28:59', 'pessoa61', 'local23', 61),
(960000062, '2018-11-26 12:28:59', 'pessoa62', 'local72', 62),
(960000063, '2018-11-26 12:28:59', 'pessoa63', 'local23', 63),
(960000064, '2018-11-26 12:28:59', 'pessoa64', 'local41', 64),
(960000065, '2018-11-26 12:28:59', 'pessoa65', 'local28', 65),
(960000066, '2018-11-26 12:28:59', 'pessoa66', 'local88', 66),
(960000067, '2018-11-26 12:28:59', 'pessoa67', 'local75', 67),
(960000068, '2018-11-26 12:28:59', 'pessoa68', 'local64', 68),
(960000069, '2018-11-26 12:28:59', 'pessoa69', 'local31', 69),
(960000070, '2018-11-26 12:28:59', 'pessoa70', 'local16', 70),
(960000071, '2018-11-26 12:28:59', 'pessoa71', 'local54', 71),
(960000072, '2018-11-26 12:28:59', 'pessoa72', 'local10', 72),
(960000073, '2018-11-26 12:28:59', 'pessoa73', 'local75', 73),
(960000074, '2018-11-26 12:28:59', 'pessoa74', 'local46', 74),
(960000075, '2018-11-26 12:28:59', 'pessoa75', 'local86', 75),
(960000076, '2018-11-26 12:28:59', 'pessoa76', 'local66', 76),
(960000077, '2018-11-26 12:28:59', 'pessoa77', 'local77', 77),
(960000078, '2018-11-26 12:28:59', 'pessoa78', 'local31', 78),
(960000079, '2018-11-26 12:28:59', 'pessoa79', 'local54', 79),
(960000080, '2018-11-26 12:28:59', 'pessoa80', 'local3', 80),
(960000081, '2018-11-26 12:28:59', 'pessoa81', 'local74', 81),
(960000082, '2018-11-26 12:28:59', 'pessoa82', 'local4', 82),
(960000083, '2018-11-26 12:28:59', 'pessoa83', 'local11', 83),
(960000084, '2018-11-26 12:28:59', 'pessoa84', 'local32', 84),
(960000085, '2018-11-26 12:28:59', 'pessoa85', 'local10', 85),
(960000086, '2018-11-26 12:28:59', 'pessoa86', 'local94', 86),
(960000087, '2018-11-26 12:28:59', 'pessoa87', 'local47', 87),
(960000088, '2018-11-26 12:28:59', 'pessoa88', 'local46', 88),
(960000089, '2018-11-26 12:28:59', 'pessoa89', 'local35', 89),
(960000090, '2018-11-26 12:28:59', 'pessoa90', 'local19', 90),
(960000091, '2018-11-26 12:28:59', 'pessoa91', 'local30', 91),
(960000092, '2018-11-26 12:28:59', 'pessoa92', 'local2', 92),
(960000093, '2018-11-26 12:28:59', 'pessoa93', 'local88', 93),
(960000094, '2018-11-26 12:28:59', 'pessoa94', 'local66', 94),
(960000095, '2018-11-26 12:28:59', 'pessoa95', 'local96', 95),
(960000096, '2018-11-26 12:28:59', 'pessoa96', 'local78', 96),
(960000097, '2018-11-26 12:28:59', 'pessoa97', 'local82', 97),
(960000098, '2018-11-26 12:28:59', 'pessoa98', 'local74', 98),
(960000099, '2018-11-26 12:28:59', 'pessoa99', 'local58', 99);
TRUNCATE TABLE EntidadeMeio CASCADE;
INSERT INTO EntidadeMeio VALUES
('EntidadeMeio0'),
('EntidadeMeio1'),
('EntidadeMeio2'),
('EntidadeMeio3'),
('EntidadeMeio4'),
('EntidadeMeio5'),
('EntidadeMeio6'),
('EntidadeMeio7'),
('EntidadeMeio8'),
('EntidadeMeio9'),
('EntidadeMeio10'),
('EntidadeMeio11'),
('EntidadeMeio12'),
('EntidadeMeio13'),
('EntidadeMeio14'),
('EntidadeMeio15'),
('EntidadeMeio16'),
('EntidadeMeio17'),
('EntidadeMeio18'),
('EntidadeMeio19'),
('EntidadeMeio20'),
('EntidadeMeio21'),
('EntidadeMeio22'),
('EntidadeMeio23'),
('EntidadeMeio24'),
('EntidadeMeio25'),
('EntidadeMeio26'),
('EntidadeMeio27'),
('EntidadeMeio28'),
('EntidadeMeio29'),
('EntidadeMeio30'),
('EntidadeMeio31'),
('EntidadeMeio32'),
('EntidadeMeio33'),
('EntidadeMeio34'),
('EntidadeMeio35'),
('EntidadeMeio36'),
('EntidadeMeio37'),
('EntidadeMeio38'),
('EntidadeMeio39'),
('EntidadeMeio40'),
('EntidadeMeio41'),
('EntidadeMeio42'),
('EntidadeMeio43'),
('EntidadeMeio44'),
('EntidadeMeio45'),
('EntidadeMeio46'),
('EntidadeMeio47'),
('EntidadeMeio48'),
('EntidadeMeio49'),
('EntidadeMeio50'),
('EntidadeMeio51'),
('EntidadeMeio52'),
('EntidadeMeio53'),
('EntidadeMeio54'),
('EntidadeMeio55'),
('EntidadeMeio56'),
('EntidadeMeio57'),
('EntidadeMeio58'),
('EntidadeMeio59'),
('EntidadeMeio60'),
('EntidadeMeio61'),
('EntidadeMeio62'),
('EntidadeMeio63'),
('EntidadeMeio64'),
('EntidadeMeio65'),
('EntidadeMeio66'),
('EntidadeMeio67'),
('EntidadeMeio68'),
('EntidadeMeio69'),
('EntidadeMeio70'),
('EntidadeMeio71'),
('EntidadeMeio72'),
('EntidadeMeio73'),
('EntidadeMeio74'),
('EntidadeMeio75'),
('EntidadeMeio76'),
('EntidadeMeio77'),
('EntidadeMeio78'),
('EntidadeMeio79'),
('EntidadeMeio80'),
('EntidadeMeio81'),
('EntidadeMeio82'),
('EntidadeMeio83'),
('EntidadeMeio84'),
('EntidadeMeio85'),
('EntidadeMeio86'),
('EntidadeMeio87'),
('EntidadeMeio88'),
('EntidadeMeio89'),
('EntidadeMeio90'),
('EntidadeMeio91'),
('EntidadeMeio92'),
('EntidadeMeio93'),
('EntidadeMeio94'),
('EntidadeMeio95'),
('EntidadeMeio96'),
('EntidadeMeio97'),
('EntidadeMeio98'),
('EntidadeMeio99'),
('EntidadeMeio100'),
('EntidadeMeio101'),
('EntidadeMeio102'),
('EntidadeMeio103'),
('EntidadeMeio104'),
('EntidadeMeio105'),
('EntidadeMeio106'),
('EntidadeMeio107'),
('EntidadeMeio108'),
('EntidadeMeio109'),
('EntidadeMeio110'),
('EntidadeMeio111'),
('EntidadeMeio112'),
('EntidadeMeio113'),
('EntidadeMeio114'),
('EntidadeMeio115'),
('EntidadeMeio116'),
('EntidadeMeio117'),
('EntidadeMeio118'),
('EntidadeMeio119'),
('EntidadeMeio120'),
('EntidadeMeio121'),
('EntidadeMeio122'),
('EntidadeMeio123'),
('EntidadeMeio124'),
('EntidadeMeio125'),
('EntidadeMeio126'),
('EntidadeMeio127'),
('EntidadeMeio128'),
('EntidadeMeio129'),
('EntidadeMeio130'),
('EntidadeMeio131'),
('EntidadeMeio132'),
('EntidadeMeio133'),
('EntidadeMeio134'),
('EntidadeMeio135'),
('EntidadeMeio136'),
('EntidadeMeio137'),
('EntidadeMeio138'),
('EntidadeMeio139'),
('EntidadeMeio140'),
('EntidadeMeio141'),
('EntidadeMeio142'),
('EntidadeMeio143'),
('EntidadeMeio144'),
('EntidadeMeio145'),
('EntidadeMeio146'),
('EntidadeMeio147'),
('EntidadeMeio148'),
('EntidadeMeio149'),
('EntidadeMeio150'),
('EntidadeMeio151'),
('EntidadeMeio152'),
('EntidadeMeio153'),
('EntidadeMeio154'),
('EntidadeMeio155'),
('EntidadeMeio156'),
('EntidadeMeio157'),
('EntidadeMeio158'),
('EntidadeMeio159'),
('EntidadeMeio160'),
('EntidadeMeio161'),
('EntidadeMeio162'),
('EntidadeMeio163'),
('EntidadeMeio164'),
('EntidadeMeio165'),
('EntidadeMeio166'),
('EntidadeMeio167'),
('EntidadeMeio168'),
('EntidadeMeio169'),
('EntidadeMeio170'),
('EntidadeMeio171'),
('EntidadeMeio172'),
('EntidadeMeio173'),
('EntidadeMeio174'),
('EntidadeMeio175'),
('EntidadeMeio176'),
('EntidadeMeio177'),
('EntidadeMeio178'),
('EntidadeMeio179'),
('EntidadeMeio180'),
('EntidadeMeio181'),
('EntidadeMeio182'),
('EntidadeMeio183'),
('EntidadeMeio184'),
('EntidadeMeio185'),
('EntidadeMeio186'),
('EntidadeMeio187'),
('EntidadeMeio188'),
('EntidadeMeio189'),
('EntidadeMeio190'),
('EntidadeMeio191'),
('EntidadeMeio192'),
('EntidadeMeio193'),
('EntidadeMeio194'),
('EntidadeMeio195'),
('EntidadeMeio196'),
('EntidadeMeio197'),
('EntidadeMeio198'),
('EntidadeMeio199'),
('EntidadeMeio200'),
('EntidadeMeio201'),
('EntidadeMeio202'),
('EntidadeMeio203'),
('EntidadeMeio204'),
('EntidadeMeio205'),
('EntidadeMeio206'),
('EntidadeMeio207'),
('EntidadeMeio208'),
('EntidadeMeio209'),
('EntidadeMeio210'),
('EntidadeMeio211'),
('EntidadeMeio212'),
('EntidadeMeio213'),
('EntidadeMeio214'),
('EntidadeMeio215'),
('EntidadeMeio216'),
('EntidadeMeio217'),
('EntidadeMeio218'),
('EntidadeMeio219'),
('EntidadeMeio220'),
('EntidadeMeio221'),
('EntidadeMeio222'),
('EntidadeMeio223'),
('EntidadeMeio224'),
('EntidadeMeio225'),
('EntidadeMeio226'),
('EntidadeMeio227'),
('EntidadeMeio228'),
('EntidadeMeio229'),
('EntidadeMeio230'),
('EntidadeMeio231'),
('EntidadeMeio232'),
('EntidadeMeio233'),
('EntidadeMeio234'),
('EntidadeMeio235'),
('EntidadeMeio236'),
('EntidadeMeio237'),
('EntidadeMeio238'),
('EntidadeMeio239'),
('EntidadeMeio240'),
('EntidadeMeio241'),
('EntidadeMeio242'),
('EntidadeMeio243'),
('EntidadeMeio244'),
('EntidadeMeio245'),
('EntidadeMeio246'),
('EntidadeMeio247'),
('EntidadeMeio248'),
('EntidadeMeio249'),
('EntidadeMeio250'),
('EntidadeMeio251'),
('EntidadeMeio252'),
('EntidadeMeio253'),
('EntidadeMeio254'),
('EntidadeMeio255'),
('EntidadeMeio256'),
('EntidadeMeio257'),
('EntidadeMeio258'),
('EntidadeMeio259'),
('EntidadeMeio260'),
('EntidadeMeio261'),
('EntidadeMeio262'),
('EntidadeMeio263'),
('EntidadeMeio264'),
('EntidadeMeio265'),
('EntidadeMeio266'),
('EntidadeMeio267'),
('EntidadeMeio268'),
('EntidadeMeio269'),
('EntidadeMeio270'),
('EntidadeMeio271'),
('EntidadeMeio272'),
('EntidadeMeio273'),
('EntidadeMeio274'),
('EntidadeMeio275'),
('EntidadeMeio276'),
('EntidadeMeio277'),
('EntidadeMeio278'),
('EntidadeMeio279'),
('EntidadeMeio280'),
('EntidadeMeio281'),
('EntidadeMeio282'),
('EntidadeMeio283'),
('EntidadeMeio284'),
('EntidadeMeio285'),
('EntidadeMeio286'),
('EntidadeMeio287'),
('EntidadeMeio288'),
('EntidadeMeio289'),
('EntidadeMeio290'),
('EntidadeMeio291'),
('EntidadeMeio292'),
('EntidadeMeio293'),
('EntidadeMeio294'),
('EntidadeMeio295'),
('EntidadeMeio296'),
('EntidadeMeio297'),
('EntidadeMeio298'),
('EntidadeMeio299');
TRUNCATE TABLE Meio CASCADE;
INSERT INTO Meio VALUES
(0, 'Meio0', 'EntidadeMeio0'),
(1, 'Meio1', 'EntidadeMeio1'),
(2, 'Meio2', 'EntidadeMeio2'),
(3, 'Meio3', 'EntidadeMeio3'),
(4, 'Meio4', 'EntidadeMeio4'),
(5, 'Meio5', 'EntidadeMeio5'),
(6, 'Meio6', 'EntidadeMeio6'),
(7, 'Meio7', 'EntidadeMeio7'),
(8, 'Meio8', 'EntidadeMeio8'),
(9, 'Meio9', 'EntidadeMeio9'),
(10, 'Meio10', 'EntidadeMeio10'),
(11, 'Meio11', 'EntidadeMeio11'),
(12, 'Meio12', 'EntidadeMeio12'),
(13, 'Meio13', 'EntidadeMeio13'),
(14, 'Meio14', 'EntidadeMeio14'),
(15, 'Meio15', 'EntidadeMeio15'),
(16, 'Meio16', 'EntidadeMeio16'),
(17, 'Meio17', 'EntidadeMeio17'),
(18, 'Meio18', 'EntidadeMeio18'),
(19, 'Meio19', 'EntidadeMeio19'),
(20, 'Meio20', 'EntidadeMeio20'),
(21, 'Meio21', 'EntidadeMeio21'),
(22, 'Meio22', 'EntidadeMeio22'),
(23, 'Meio23', 'EntidadeMeio23'),
(24, 'Meio24', 'EntidadeMeio24'),
(25, 'Meio25', 'EntidadeMeio25'),
(26, 'Meio26', 'EntidadeMeio26'),
(27, 'Meio27', 'EntidadeMeio27'),
(28, 'Meio28', 'EntidadeMeio28'),
(29, 'Meio29', 'EntidadeMeio29'),
(30, 'Meio30', 'EntidadeMeio30'),
(31, 'Meio31', 'EntidadeMeio31'),
(32, 'Meio32', 'EntidadeMeio32'),
(33, 'Meio33', 'EntidadeMeio33'),
(34, 'Meio34', 'EntidadeMeio34'),
(35, 'Meio35', 'EntidadeMeio35'),
(36, 'Meio36', 'EntidadeMeio36'),
(37, 'Meio37', 'EntidadeMeio37'),
(38, 'Meio38', 'EntidadeMeio38'),
(39, 'Meio39', 'EntidadeMeio39'),
(40, 'Meio40', 'EntidadeMeio40'),
(41, 'Meio41', 'EntidadeMeio41'),
(42, 'Meio42', 'EntidadeMeio42'),
(43, 'Meio43', 'EntidadeMeio43'),
(44, 'Meio44', 'EntidadeMeio44'),
(45, 'Meio45', 'EntidadeMeio45'),
(46, 'Meio46', 'EntidadeMeio46'),
(47, 'Meio47', 'EntidadeMeio47'),
(48, 'Meio48', 'EntidadeMeio48'),
(49, 'Meio49', 'EntidadeMeio49'),
(50, 'Meio50', 'EntidadeMeio50'),
(51, 'Meio51', 'EntidadeMeio51'),
(52, 'Meio52', 'EntidadeMeio52'),
(53, 'Meio53', 'EntidadeMeio53'),
(54, 'Meio54', 'EntidadeMeio54'),
(55, 'Meio55', 'EntidadeMeio55'),
(56, 'Meio56', 'EntidadeMeio56'),
(57, 'Meio57', 'EntidadeMeio57'),
(58, 'Meio58', 'EntidadeMeio58'),
(59, 'Meio59', 'EntidadeMeio59'),
(60, 'Meio60', 'EntidadeMeio60'),
(61, 'Meio61', 'EntidadeMeio61'),
(62, 'Meio62', 'EntidadeMeio62'),
(63, 'Meio63', 'EntidadeMeio63'),
(64, 'Meio64', 'EntidadeMeio64'),
(65, 'Meio65', 'EntidadeMeio65'),
(66, 'Meio66', 'EntidadeMeio66'),
(67, 'Meio67', 'EntidadeMeio67'),
(68, 'Meio68', 'EntidadeMeio68'),
(69, 'Meio69', 'EntidadeMeio69'),
(70, 'Meio70', 'EntidadeMeio70'),
(71, 'Meio71', 'EntidadeMeio71'),
(72, 'Meio72', 'EntidadeMeio72'),
(73, 'Meio73', 'EntidadeMeio73'),
(74, 'Meio74', 'EntidadeMeio74'),
(75, 'Meio75', 'EntidadeMeio75'),
(76, 'Meio76', 'EntidadeMeio76'),
(77, 'Meio77', 'EntidadeMeio77'),
(78, 'Meio78', 'EntidadeMeio78'),
(79, 'Meio79', 'EntidadeMeio79'),
(80, 'Meio80', 'EntidadeMeio80'),
(81, 'Meio81', 'EntidadeMeio81'),
(82, 'Meio82', 'EntidadeMeio82'),
(83, 'Meio83', 'EntidadeMeio83'),
(84, 'Meio84', 'EntidadeMeio84'),
(85, 'Meio85', 'EntidadeMeio85'),
(86, 'Meio86', 'EntidadeMeio86'),
(87, 'Meio87', 'EntidadeMeio87'),
(88, 'Meio88', 'EntidadeMeio88'),
(89, 'Meio89', 'EntidadeMeio89'),
(90, 'Meio90', 'EntidadeMeio90'),
(91, 'Meio91', 'EntidadeMeio91'),
(92, 'Meio92', 'EntidadeMeio92'),
(93, 'Meio93', 'EntidadeMeio93'),
(94, 'Meio94', 'EntidadeMeio94'),
(95, 'Meio95', 'EntidadeMeio95'),
(96, 'Meio96', 'EntidadeMeio96'),
(97, 'Meio97', 'EntidadeMeio97'),
(98, 'Meio98', 'EntidadeMeio98'),
(99, 'Meio99', 'EntidadeMeio99'),
(100, 'Meio100', 'EntidadeMeio100'),
(101, 'Meio101', 'EntidadeMeio101'),
(102, 'Meio102', 'EntidadeMeio102'),
(103, 'Meio103', 'EntidadeMeio103'),
(104, 'Meio104', 'EntidadeMeio104'),
(105, 'Meio105', 'EntidadeMeio105'),
(106, 'Meio106', 'EntidadeMeio106'),
(107, 'Meio107', 'EntidadeMeio107'),
(108, 'Meio108', 'EntidadeMeio108'),
(109, 'Meio109', 'EntidadeMeio109'),
(110, 'Meio110', 'EntidadeMeio110'),
(111, 'Meio111', 'EntidadeMeio111'),
(112, 'Meio112', 'EntidadeMeio112'),
(113, 'Meio113', 'EntidadeMeio113'),
(114, 'Meio114', 'EntidadeMeio114'),
(115, 'Meio115', 'EntidadeMeio115'),
(116, 'Meio116', 'EntidadeMeio116'),
(117, 'Meio117', 'EntidadeMeio117'),
(118, 'Meio118', 'EntidadeMeio118'),
(119, 'Meio119', 'EntidadeMeio119'),
(120, 'Meio120', 'EntidadeMeio120'),
(121, 'Meio121', 'EntidadeMeio121'),
(122, 'Meio122', 'EntidadeMeio122'),
(123, 'Meio123', 'EntidadeMeio123'),
(124, 'Meio124', 'EntidadeMeio124'),
(125, 'Meio125', 'EntidadeMeio125'),
(126, 'Meio126', 'EntidadeMeio126'),
(127, 'Meio127', 'EntidadeMeio127'),
(128, 'Meio128', 'EntidadeMeio128'),
(129, 'Meio129', 'EntidadeMeio129'),
(130, 'Meio130', 'EntidadeMeio130'),
(131, 'Meio131', 'EntidadeMeio131'),
(132, 'Meio132', 'EntidadeMeio132'),
(133, 'Meio133', 'EntidadeMeio133'),
(134, 'Meio134', 'EntidadeMeio134'),
(135, 'Meio135', 'EntidadeMeio135'),
(136, 'Meio136', 'EntidadeMeio136'),
(137, 'Meio137', 'EntidadeMeio137'),
(138, 'Meio138', 'EntidadeMeio138'),
(139, 'Meio139', 'EntidadeMeio139'),
(140, 'Meio140', 'EntidadeMeio140'),
(141, 'Meio141', 'EntidadeMeio141'),
(142, 'Meio142', 'EntidadeMeio142'),
(143, 'Meio143', 'EntidadeMeio143'),
(144, 'Meio144', 'EntidadeMeio144'),
(145, 'Meio145', 'EntidadeMeio145'),
(146, 'Meio146', 'EntidadeMeio146'),
(147, 'Meio147', 'EntidadeMeio147'),
(148, 'Meio148', 'EntidadeMeio148'),
(149, 'Meio149', 'EntidadeMeio149'),
(150, 'Meio150', 'EntidadeMeio150'),
(151, 'Meio151', 'EntidadeMeio151'),
(152, 'Meio152', 'EntidadeMeio152'),
(153, 'Meio153', 'EntidadeMeio153'),
(154, 'Meio154', 'EntidadeMeio154'),
(155, 'Meio155', 'EntidadeMeio155'),
(156, 'Meio156', 'EntidadeMeio156'),
(157, 'Meio157', 'EntidadeMeio157'),
(158, 'Meio158', 'EntidadeMeio158'),
(159, 'Meio159', 'EntidadeMeio159'),
(160, 'Meio160', 'EntidadeMeio160'),
(161, 'Meio161', 'EntidadeMeio161'),
(162, 'Meio162', 'EntidadeMeio162'),
(163, 'Meio163', 'EntidadeMeio163'),
(164, 'Meio164', 'EntidadeMeio164'),
(165, 'Meio165', 'EntidadeMeio165'),
(166, 'Meio166', 'EntidadeMeio166'),
(167, 'Meio167', 'EntidadeMeio167'),
(168, 'Meio168', 'EntidadeMeio168'),
(169, 'Meio169', 'EntidadeMeio169'),
(170, 'Meio170', 'EntidadeMeio170'),
(171, 'Meio171', 'EntidadeMeio171'),
(172, 'Meio172', 'EntidadeMeio172'),
(173, 'Meio173', 'EntidadeMeio173'),
(174, 'Meio174', 'EntidadeMeio174'),
(175, 'Meio175', 'EntidadeMeio175'),
(176, 'Meio176', 'EntidadeMeio176'),
(177, 'Meio177', 'EntidadeMeio177'),
(178, 'Meio178', 'EntidadeMeio178'),
(179, 'Meio179', 'EntidadeMeio179'),
(180, 'Meio180', 'EntidadeMeio180'),
(181, 'Meio181', 'EntidadeMeio181'),
(182, 'Meio182', 'EntidadeMeio182'),
(183, 'Meio183', 'EntidadeMeio183'),
(184, 'Meio184', 'EntidadeMeio184'),
(185, 'Meio185', 'EntidadeMeio185'),
(186, 'Meio186', 'EntidadeMeio186'),
(187, 'Meio187', 'EntidadeMeio187'),
(188, 'Meio188', 'EntidadeMeio188'),
(189, 'Meio189', 'EntidadeMeio189'),
(190, 'Meio190', 'EntidadeMeio190'),
(191, 'Meio191', 'EntidadeMeio191'),
(192, 'Meio192', 'EntidadeMeio192'),
(193, 'Meio193', 'EntidadeMeio193'),
(194, 'Meio194', 'EntidadeMeio194'),
(195, 'Meio195', 'EntidadeMeio195'),
(196, 'Meio196', 'EntidadeMeio196'),
(197, 'Meio197', 'EntidadeMeio197'),
(198, 'Meio198', 'EntidadeMeio198'),
(199, 'Meio199', 'EntidadeMeio199'),
(200, 'Meio200', 'EntidadeMeio200'),
(201, 'Meio201', 'EntidadeMeio201'),
(202, 'Meio202', 'EntidadeMeio202'),
(203, 'Meio203', 'EntidadeMeio203'),
(204, 'Meio204', 'EntidadeMeio204'),
(205, 'Meio205', 'EntidadeMeio205'),
(206, 'Meio206', 'EntidadeMeio206'),
(207, 'Meio207', 'EntidadeMeio207'),
(208, 'Meio208', 'EntidadeMeio208'),
(209, 'Meio209', 'EntidadeMeio209'),
(210, 'Meio210', 'EntidadeMeio210'),
(211, 'Meio211', 'EntidadeMeio211'),
(212, 'Meio212', 'EntidadeMeio212'),
(213, 'Meio213', 'EntidadeMeio213'),
(214, 'Meio214', 'EntidadeMeio214'),
(215, 'Meio215', 'EntidadeMeio215'),
(216, 'Meio216', 'EntidadeMeio216'),
(217, 'Meio217', 'EntidadeMeio217'),
(218, 'Meio218', 'EntidadeMeio218'),
(219, 'Meio219', 'EntidadeMeio219'),
(220, 'Meio220', 'EntidadeMeio220'),
(221, 'Meio221', 'EntidadeMeio221'),
(222, 'Meio222', 'EntidadeMeio222'),
(223, 'Meio223', 'EntidadeMeio223'),
(224, 'Meio224', 'EntidadeMeio224'),
(225, 'Meio225', 'EntidadeMeio225'),
(226, 'Meio226', 'EntidadeMeio226'),
(227, 'Meio227', 'EntidadeMeio227'),
(228, 'Meio228', 'EntidadeMeio228'),
(229, 'Meio229', 'EntidadeMeio229'),
(230, 'Meio230', 'EntidadeMeio230'),
(231, 'Meio231', 'EntidadeMeio231'),
(232, 'Meio232', 'EntidadeMeio232'),
(233, 'Meio233', 'EntidadeMeio233'),
(234, 'Meio234', 'EntidadeMeio234'),
(235, 'Meio235', 'EntidadeMeio235'),
(236, 'Meio236', 'EntidadeMeio236'),
(237, 'Meio237', 'EntidadeMeio237'),
(238, 'Meio238', 'EntidadeMeio238'),
(239, 'Meio239', 'EntidadeMeio239'),
(240, 'Meio240', 'EntidadeMeio240'),
(241, 'Meio241', 'EntidadeMeio241'),
(242, 'Meio242', 'EntidadeMeio242'),
(243, 'Meio243', 'EntidadeMeio243'),
(244, 'Meio244', 'EntidadeMeio244'),
(245, 'Meio245', 'EntidadeMeio245'),
(246, 'Meio246', 'EntidadeMeio246'),
(247, 'Meio247', 'EntidadeMeio247'),
(248, 'Meio248', 'EntidadeMeio248'),
(249, 'Meio249', 'EntidadeMeio249'),
(250, 'Meio250', 'EntidadeMeio250'),
(251, 'Meio251', 'EntidadeMeio251'),
(252, 'Meio252', 'EntidadeMeio252'),
(253, 'Meio253', 'EntidadeMeio253'),
(254, 'Meio254', 'EntidadeMeio254'),
(255, 'Meio255', 'EntidadeMeio255'),
(256, 'Meio256', 'EntidadeMeio256'),
(257, 'Meio257', 'EntidadeMeio257'),
(258, 'Meio258', 'EntidadeMeio258'),
(259, 'Meio259', 'EntidadeMeio259'),
(260, 'Meio260', 'EntidadeMeio260'),
(261, 'Meio261', 'EntidadeMeio261'),
(262, 'Meio262', 'EntidadeMeio262'),
(263, 'Meio263', 'EntidadeMeio263'),
(264, 'Meio264', 'EntidadeMeio264'),
(265, 'Meio265', 'EntidadeMeio265'),
(266, 'Meio266', 'EntidadeMeio266'),
(267, 'Meio267', 'EntidadeMeio267'),
(268, 'Meio268', 'EntidadeMeio268'),
(269, 'Meio269', 'EntidadeMeio269'),
(270, 'Meio270', 'EntidadeMeio270'),
(271, 'Meio271', 'EntidadeMeio271'),
(272, 'Meio272', 'EntidadeMeio272'),
(273, 'Meio273', 'EntidadeMeio273'),
(274, 'Meio274', 'EntidadeMeio274'),
(275, 'Meio275', 'EntidadeMeio275'),
(276, 'Meio276', 'EntidadeMeio276'),
(277, 'Meio277', 'EntidadeMeio277'),
(278, 'Meio278', 'EntidadeMeio278'),
(279, 'Meio279', 'EntidadeMeio279'),
(280, 'Meio280', 'EntidadeMeio280'),
(281, 'Meio281', 'EntidadeMeio281'),
(282, 'Meio282', 'EntidadeMeio282'),
(283, 'Meio283', 'EntidadeMeio283'),
(284, 'Meio284', 'EntidadeMeio284'),
(285, 'Meio285', 'EntidadeMeio285'),
(286, 'Meio286', 'EntidadeMeio286'),
(287, 'Meio287', 'EntidadeMeio287'),
(288, 'Meio288', 'EntidadeMeio288'),
(289, 'Meio289', 'EntidadeMeio289'),
(290, 'Meio290', 'EntidadeMeio290'),
(291, 'Meio291', 'EntidadeMeio291'),
(292, 'Meio292', 'EntidadeMeio292'),
(293, 'Meio293', 'EntidadeMeio293'),
(294, 'Meio294', 'EntidadeMeio294'),
(295, 'Meio295', 'EntidadeMeio295'),
(296, 'Meio296', 'EntidadeMeio296'),
(297, 'Meio297', 'EntidadeMeio297'),
(298, 'Meio298', 'EntidadeMeio298'),
(299, 'Meio299', 'EntidadeMeio299');
TRUNCATE TABLE MeioCombate CASCADE;
INSERT INTO MeioCombate VALUES
(0, 'EntidadeMeio0'),
(1, 'EntidadeMeio1'),
(2, 'EntidadeMeio2'),
(3, 'EntidadeMeio3'),
(4, 'EntidadeMeio4'),
(5, 'EntidadeMeio5'),
(6, 'EntidadeMeio6'),
(7, 'EntidadeMeio7'),
(8, 'EntidadeMeio8'),
(9, 'EntidadeMeio9'),
(10, 'EntidadeMeio10'),
(11, 'EntidadeMeio11'),
(12, 'EntidadeMeio12'),
(13, 'EntidadeMeio13'),
(14, 'EntidadeMeio14'),
(15, 'EntidadeMeio15'),
(16, 'EntidadeMeio16'),
(17, 'EntidadeMeio17'),
(18, 'EntidadeMeio18'),
(19, 'EntidadeMeio19'),
(20, 'EntidadeMeio20'),
(21, 'EntidadeMeio21'),
(22, 'EntidadeMeio22'),
(23, 'EntidadeMeio23'),
(24, 'EntidadeMeio24'),
(25, 'EntidadeMeio25'),
(26, 'EntidadeMeio26'),
(27, 'EntidadeMeio27'),
(28, 'EntidadeMeio28'),
(29, 'EntidadeMeio29'),
(30, 'EntidadeMeio30'),
(31, 'EntidadeMeio31'),
(32, 'EntidadeMeio32'),
(33, 'EntidadeMeio33'),
(34, 'EntidadeMeio34'),
(35, 'EntidadeMeio35'),
(36, 'EntidadeMeio36'),
(37, 'EntidadeMeio37'),
(38, 'EntidadeMeio38'),
(39, 'EntidadeMeio39'),
(40, 'EntidadeMeio40'),
(41, 'EntidadeMeio41'),
(42, 'EntidadeMeio42'),
(43, 'EntidadeMeio43'),
(44, 'EntidadeMeio44'),
(45, 'EntidadeMeio45'),
(46, 'EntidadeMeio46'),
(47, 'EntidadeMeio47'),
(48, 'EntidadeMeio48'),
(49, 'EntidadeMeio49'),
(50, 'EntidadeMeio50'),
(51, 'EntidadeMeio51'),
(52, 'EntidadeMeio52'),
(53, 'EntidadeMeio53'),
(54, 'EntidadeMeio54'),
(55, 'EntidadeMeio55'),
(56, 'EntidadeMeio56'),
(57, 'EntidadeMeio57'),
(58, 'EntidadeMeio58'),
(59, 'EntidadeMeio59'),
(60, 'EntidadeMeio60'),
(61, 'EntidadeMeio61'),
(62, 'EntidadeMeio62'),
(63, 'EntidadeMeio63'),
(64, 'EntidadeMeio64'),
(65, 'EntidadeMeio65'),
(66, 'EntidadeMeio66'),
(67, 'EntidadeMeio67'),
(68, 'EntidadeMeio68'),
(69, 'EntidadeMeio69'),
(70, 'EntidadeMeio70'),
(71, 'EntidadeMeio71'),
(72, 'EntidadeMeio72'),
(73, 'EntidadeMeio73'),
(74, 'EntidadeMeio74'),
(75, 'EntidadeMeio75'),
(76, 'EntidadeMeio76'),
(77, 'EntidadeMeio77'),
(78, 'EntidadeMeio78'),
(79, 'EntidadeMeio79'),
(80, 'EntidadeMeio80'),
(81, 'EntidadeMeio81'),
(82, 'EntidadeMeio82'),
(83, 'EntidadeMeio83'),
(84, 'EntidadeMeio84'),
(85, 'EntidadeMeio85'),
(86, 'EntidadeMeio86'),
(87, 'EntidadeMeio87'),
(88, 'EntidadeMeio88'),
(89, 'EntidadeMeio89'),
(90, 'EntidadeMeio90'),
(91, 'EntidadeMeio91'),
(92, 'EntidadeMeio92'),
(93, 'EntidadeMeio93'),
(94, 'EntidadeMeio94'),
(95, 'EntidadeMeio95'),
(96, 'EntidadeMeio96'),
(97, 'EntidadeMeio97'),
(98, 'EntidadeMeio98'),
(99, 'EntidadeMeio99');
TRUNCATE TABLE MeioApoio CASCADE;
INSERT INTO MeioApoio VALUES
(100, 'EntidadeMeio100'),
(101, 'EntidadeMeio101'),
(102, 'EntidadeMeio102'),
(103, 'EntidadeMeio103'),
(104, 'EntidadeMeio104'),
(105, 'EntidadeMeio105'),
(106, 'EntidadeMeio106'),
(107, 'EntidadeMeio107'),
(108, 'EntidadeMeio108'),
(109, 'EntidadeMeio109'),
(110, 'EntidadeMeio110'),
(111, 'EntidadeMeio111'),
(112, 'EntidadeMeio112'),
(113, 'EntidadeMeio113'),
(114, 'EntidadeMeio114'),
(115, 'EntidadeMeio115'),
(116, 'EntidadeMeio116'),
(117, 'EntidadeMeio117'),
(118, 'EntidadeMeio118'),
(119, 'EntidadeMeio119'),
(120, 'EntidadeMeio120'),
(121, 'EntidadeMeio121'),
(122, 'EntidadeMeio122'),
(123, 'EntidadeMeio123'),
(124, 'EntidadeMeio124'),
(125, 'EntidadeMeio125'),
(126, 'EntidadeMeio126'),
(127, 'EntidadeMeio127'),
(128, 'EntidadeMeio128'),
(129, 'EntidadeMeio129'),
(130, 'EntidadeMeio130'),
(131, 'EntidadeMeio131'),
(132, 'EntidadeMeio132'),
(133, 'EntidadeMeio133'),
(134, 'EntidadeMeio134'),
(135, 'EntidadeMeio135'),
(136, 'EntidadeMeio136'),
(137, 'EntidadeMeio137'),
(138, 'EntidadeMeio138'),
(139, 'EntidadeMeio139'),
(140, 'EntidadeMeio140'),
(141, 'EntidadeMeio141'),
(142, 'EntidadeMeio142'),
(143, 'EntidadeMeio143'),
(144, 'EntidadeMeio144'),
(145, 'EntidadeMeio145'),
(146, 'EntidadeMeio146'),
(147, 'EntidadeMeio147'),
(148, 'EntidadeMeio148'),
(149, 'EntidadeMeio149'),
(150, 'EntidadeMeio150'),
(151, 'EntidadeMeio151'),
(152, 'EntidadeMeio152'),
(153, 'EntidadeMeio153'),
(154, 'EntidadeMeio154'),
(155, 'EntidadeMeio155'),
(156, 'EntidadeMeio156'),
(157, 'EntidadeMeio157'),
(158, 'EntidadeMeio158'),
(159, 'EntidadeMeio159'),
(160, 'EntidadeMeio160'),
(161, 'EntidadeMeio161'),
(162, 'EntidadeMeio162'),
(163, 'EntidadeMeio163'),
(164, 'EntidadeMeio164'),
(165, 'EntidadeMeio165'),
(166, 'EntidadeMeio166'),
(167, 'EntidadeMeio167'),
(168, 'EntidadeMeio168'),
(169, 'EntidadeMeio169'),
(170, 'EntidadeMeio170'),
(171, 'EntidadeMeio171'),
(172, 'EntidadeMeio172'),
(173, 'EntidadeMeio173'),
(174, 'EntidadeMeio174'),
(175, 'EntidadeMeio175'),
(176, 'EntidadeMeio176'),
(177, 'EntidadeMeio177'),
(178, 'EntidadeMeio178'),
(179, 'EntidadeMeio179'),
(180, 'EntidadeMeio180'),
(181, 'EntidadeMeio181'),
(182, 'EntidadeMeio182'),
(183, 'EntidadeMeio183'),
(184, 'EntidadeMeio184'),
(185, 'EntidadeMeio185'),
(186, 'EntidadeMeio186'),
(187, 'EntidadeMeio187'),
(188, 'EntidadeMeio188'),
(189, 'EntidadeMeio189'),
(190, 'EntidadeMeio190'),
(191, 'EntidadeMeio191'),
(192, 'EntidadeMeio192'),
(193, 'EntidadeMeio193'),
(194, 'EntidadeMeio194'),
(195, 'EntidadeMeio195'),
(196, 'EntidadeMeio196'),
(197, 'EntidadeMeio197'),
(198, 'EntidadeMeio198'),
(199, 'EntidadeMeio199');
TRUNCATE TABLE MeioSocorro CASCADE;
INSERT INTO MeioSocorro VALUES
(200, 'EntidadeMeio200'),
(201, 'EntidadeMeio201'),
(202, 'EntidadeMeio202'),
(203, 'EntidadeMeio203'),
(204, 'EntidadeMeio204'),
(205, 'EntidadeMeio205'),
(206, 'EntidadeMeio206'),
(207, 'EntidadeMeio207'),
(208, 'EntidadeMeio208'),
(209, 'EntidadeMeio209'),
(210, 'EntidadeMeio210'),
(211, 'EntidadeMeio211'),
(212, 'EntidadeMeio212'),
(213, 'EntidadeMeio213'),
(214, 'EntidadeMeio214'),
(215, 'EntidadeMeio215'),
(216, 'EntidadeMeio216'),
(217, 'EntidadeMeio217'),
(218, 'EntidadeMeio218'),
(219, 'EntidadeMeio219'),
(220, 'EntidadeMeio220'),
(221, 'EntidadeMeio221'),
(222, 'EntidadeMeio222'),
(223, 'EntidadeMeio223'),
(224, 'EntidadeMeio224'),
(225, 'EntidadeMeio225'),
(226, 'EntidadeMeio226'),
(227, 'EntidadeMeio227'),
(228, 'EntidadeMeio228'),
(229, 'EntidadeMeio229'),
(230, 'EntidadeMeio230'),
(231, 'EntidadeMeio231'),
(232, 'EntidadeMeio232'),
(233, 'EntidadeMeio233'),
(234, 'EntidadeMeio234'),
(235, 'EntidadeMeio235'),
(236, 'EntidadeMeio236'),
(237, 'EntidadeMeio237'),
(238, 'EntidadeMeio238'),
(239, 'EntidadeMeio239'),
(240, 'EntidadeMeio240'),
(241, 'EntidadeMeio241'),
(242, 'EntidadeMeio242'),
(243, 'EntidadeMeio243'),
(244, 'EntidadeMeio244'),
(245, 'EntidadeMeio245'),
(246, 'EntidadeMeio246'),
(247, 'EntidadeMeio247'),
(248, 'EntidadeMeio248'),
(249, 'EntidadeMeio249'),
(250, 'EntidadeMeio250'),
(251, 'EntidadeMeio251'),
(252, 'EntidadeMeio252'),
(253, 'EntidadeMeio253'),
(254, 'EntidadeMeio254'),
(255, 'EntidadeMeio255'),
(256, 'EntidadeMeio256'),
(257, 'EntidadeMeio257'),
(258, 'EntidadeMeio258'),
(259, 'EntidadeMeio259'),
(260, 'EntidadeMeio260'),
(261, 'EntidadeMeio261'),
(262, 'EntidadeMeio262'),
(263, 'EntidadeMeio263'),
(264, 'EntidadeMeio264'),
(265, 'EntidadeMeio265'),
(266, 'EntidadeMeio266'),
(267, 'EntidadeMeio267'),
(268, 'EntidadeMeio268'),
(269, 'EntidadeMeio269'),
(270, 'EntidadeMeio270'),
(271, 'EntidadeMeio271'),
(272, 'EntidadeMeio272'),
(273, 'EntidadeMeio273'),
(274, 'EntidadeMeio274'),
(275, 'EntidadeMeio275'),
(276, 'EntidadeMeio276'),
(277, 'EntidadeMeio277'),
(278, 'EntidadeMeio278'),
(279, 'EntidadeMeio279'),
(280, 'EntidadeMeio280'),
(281, 'EntidadeMeio281'),
(282, 'EntidadeMeio282'),
(283, 'EntidadeMeio283'),
(284, 'EntidadeMeio284'),
(285, 'EntidadeMeio285'),
(286, 'EntidadeMeio286'),
(287, 'EntidadeMeio287'),
(288, 'EntidadeMeio288'),
(289, 'EntidadeMeio289'),
(290, 'EntidadeMeio290'),
(291, 'EntidadeMeio291'),
(292, 'EntidadeMeio292'),
(293, 'EntidadeMeio293'),
(294, 'EntidadeMeio294'),
(295, 'EntidadeMeio295'),
(296, 'EntidadeMeio296'),
(297, 'EntidadeMeio297'),
(298, 'EntidadeMeio298'),
(299, 'EntidadeMeio299');
TRUNCATE TABLE Transporta CASCADE;
INSERT INTO Transporta VALUES
(200, 'EntidadeMeio200', 7, 28),
(201, 'EntidadeMeio201', 4, 14),
(202, 'EntidadeMeio202', 8, 14),
(203, 'EntidadeMeio203', 4, 73),
(204, 'EntidadeMeio204', 5, 34),
(205, 'EntidadeMeio205', 1, 17),
(206, 'EntidadeMeio206', 5, 24),
(207, 'EntidadeMeio207', 8, 12),
(208, 'EntidadeMeio208', 6, 79),
(209, 'EntidadeMeio209', 4, 43),
(210, 'EntidadeMeio210', 10, 36),
(211, 'EntidadeMeio211', 5, 4),
(212, 'EntidadeMeio212', 6, 63),
(213, 'EntidadeMeio213', 8, 89),
(214, 'EntidadeMeio214', 10, 56),
(215, 'EntidadeMeio215', 10, 27),
(216, 'EntidadeMeio216', 5, 78),
(217, 'EntidadeMeio217', 6, 95),
(218, 'EntidadeMeio218', 10, 65),
(219, 'EntidadeMeio219', 9, 83),
(220, 'EntidadeMeio220', 5, 12),
(221, 'EntidadeMeio221', 6, 19),
(222, 'EntidadeMeio222', 9, 97),
(223, 'EntidadeMeio223', 6, 97),
(224, 'EntidadeMeio224', 2, 82),
(225, 'EntidadeMeio225', 7, 93),
(226, 'EntidadeMeio226', 1, 16),
(227, 'EntidadeMeio227', 10, 45),
(228, 'EntidadeMeio228', 3, 92),
(229, 'EntidadeMeio229', 6, 80),
(230, 'EntidadeMeio230', 3, 82),
(231, 'EntidadeMeio231', 1, 28),
(232, 'EntidadeMeio232', 7, 88),
(233, 'EntidadeMeio233', 6, 12),
(234, 'EntidadeMeio234', 1, 49),
(235, 'EntidadeMeio235', 5, 2),
(236, 'EntidadeMeio236', 2, 20),
(237, 'EntidadeMeio237', 3, 19),
(238, 'EntidadeMeio238', 8, 71),
(239, 'EntidadeMeio239', 4, 22),
(240, 'EntidadeMeio240', 2, 92),
(241, 'EntidadeMeio241', 7, 47),
(242, 'EntidadeMeio242', 4, 72),
(243, 'EntidadeMeio243', 2, 97),
(244, 'EntidadeMeio244', 4, 75),
(245, 'EntidadeMeio245', 1, 94),
(246, 'EntidadeMeio246', 1, 32),
(247, 'EntidadeMeio247', 4, 18),
(248, 'EntidadeMeio248', 10, 9),
(249, 'EntidadeMeio249', 5, 95),
(250, 'EntidadeMeio250', 6, 3),
(251, 'EntidadeMeio251', 9, 18),
(252, 'EntidadeMeio252', 4, 56),
(253, 'EntidadeMeio253', 7, 13),
(254, 'EntidadeMeio254', 2, 53),
(255, 'EntidadeMeio255', 9, 99),
(256, 'EntidadeMeio256', 6, 71),
(257, 'EntidadeMeio257', 9, 31),
(258, 'EntidadeMeio258', 10, 56),
(259, 'EntidadeMeio259', 8, 60),
(260, 'EntidadeMeio260', 8, 6),
(261, 'EntidadeMeio261', 6, 86),
(262, 'EntidadeMeio262', 4, 89),
(263, 'EntidadeMeio263', 6, 83),
(264, 'EntidadeMeio264', 5, 54),
(265, 'EntidadeMeio265', 8, 61),
(266, 'EntidadeMeio266', 3, 87),
(267, 'EntidadeMeio267', 2, 40),
(268, 'EntidadeMeio268', 5, 21),
(269, 'EntidadeMeio269', 6, 56),
(270, 'EntidadeMeio270', 3, 88),
(271, 'EntidadeMeio271', 1, 32),
(272, 'EntidadeMeio272', 6, 75),
(273, 'EntidadeMeio273', 2, 77),
(274, 'EntidadeMeio274', 4, 97),
(275, 'EntidadeMeio275', 9, 58),
(276, 'EntidadeMeio276', 5, 69),
(277, 'EntidadeMeio277', 7, 53),
(278, 'EntidadeMeio278', 5, 75),
(279, 'EntidadeMeio279', 9, 58),
(280, 'EntidadeMeio280', 10, 7),
(281, 'EntidadeMeio281', 3, 83),
(282, 'EntidadeMeio282', 4, 97),
(283, 'EntidadeMeio283', 7, 87),
(284, 'EntidadeMeio284', 7, 96),
(285, 'EntidadeMeio285', 9, 98),
(286, 'EntidadeMeio286', 7, 67),
(287, 'EntidadeMeio287', 9, 16),
(288, 'EntidadeMeio288', 7, 44),
(289, 'EntidadeMeio289', 5, 30),
(290, 'EntidadeMeio290', 9, 23),
(291, 'EntidadeMeio291', 8, 98),
(292, 'EntidadeMeio292', 3, 98),
(293, 'EntidadeMeio293', 1, 8),
(294, 'EntidadeMeio294', 6, 77),
(295, 'EntidadeMeio295', 9, 92),
(296, 'EntidadeMeio296', 3, 26),
(297, 'EntidadeMeio297', 9, 41),
(298, 'EntidadeMeio298', 6, 96),
(299, 'EntidadeMeio299', 10, 22);
TRUNCATE TABLE Alocado CASCADE;
INSERT INTO Alocado VALUES
(100, 'EntidadeMeio100', 16, 13),
(101, 'EntidadeMeio101', 7, 45),
(102, 'EntidadeMeio102', 12, 44),
(103, 'EntidadeMeio103', 12, 8),
(104, 'EntidadeMeio104', 10, 88),
(105, 'EntidadeMeio105', 2, 87),
(106, 'EntidadeMeio106', 10, 67),
(107, 'EntidadeMeio107', 2, 57),
(108, 'EntidadeMeio108', 18, 52),
(109, 'EntidadeMeio109', 10, 60),
(110, 'EntidadeMeio110', 6, 55),
(111, 'EntidadeMeio111', 17, 15),
(112, 'EntidadeMeio112', 11, 1),
(113, 'EntidadeMeio113', 12, 86),
(114, 'EntidadeMeio114', 1, 18),
(115, 'EntidadeMeio115', 13, 30),
(116, 'EntidadeMeio116', 9, 48),
(117, 'EntidadeMeio117', 3, 75),
(118, 'EntidadeMeio118', 5, 20),
(119, 'EntidadeMeio119', 6, 51),
(120, 'EntidadeMeio120', 13, 16),
(121, 'EntidadeMeio121', 1, 41),
(122, 'EntidadeMeio122', 8, 45),
(123, 'EntidadeMeio123', 13, 80),
(124, 'EntidadeMeio124', 12, 1),
(125, 'EntidadeMeio125', 12, 57),
(126, 'EntidadeMeio126', 14, 96),
(127, 'EntidadeMeio127', 16, 62),
(128, 'EntidadeMeio128', 10, 56),
(129, 'EntidadeMeio129', 1, 14),
(130, 'EntidadeMeio130', 2, 45),
(131, 'EntidadeMeio131', 4, 43),
(132, 'EntidadeMeio132', 6, 33),
(133, 'EntidadeMeio133', 5, 58),
(134, 'EntidadeMeio134', 5, 91),
(135, 'EntidadeMeio135', 13, 70),
(136, 'EntidadeMeio136', 5, 49),
(137, 'EntidadeMeio137', 20, 39),
(138, 'EntidadeMeio138', 5, 40),
(139, 'EntidadeMeio139', 5, 19),
(140, 'EntidadeMeio140', 6, 96),
(141, 'EntidadeMeio141', 9, 78),
(142, 'EntidadeMeio142', 15, 3),
(143, 'EntidadeMeio143', 16, 65),
(144, 'EntidadeMeio144', 1, 12),
(145, 'EntidadeMeio145', 14, 99),
(146, 'EntidadeMeio146', 5, 30),
(147, 'EntidadeMeio147', 3, 33),
(148, 'EntidadeMeio148', 8, 51),
(149, 'EntidadeMeio149', 7, 55),
(150, 'EntidadeMeio150', 9, 3),
(151, 'EntidadeMeio151', 3, 70),
(152, 'EntidadeMeio152', 6, 80),
(153, 'EntidadeMeio153', 18, 56),
(154, 'EntidadeMeio154', 12, 47),
(155, 'EntidadeMeio155', 16, 33),
(156, 'EntidadeMeio156', 5, 54),
(157, 'EntidadeMeio157', 8, 39),
(158, 'EntidadeMeio158', 1, 91),
(159, 'EntidadeMeio159', 10, 4),
(160, 'EntidadeMeio160', 11, 13),
(161, 'EntidadeMeio161', 1, 30),
(162, 'EntidadeMeio162', 4, 34),
(163, 'EntidadeMeio163', 4, 28),
(164, 'EntidadeMeio164', 13, 46),
(165, 'EntidadeMeio165', 18, 56),
(166, 'EntidadeMeio166', 17, 23),
(167, 'EntidadeMeio167', 1, 53),
(168, 'EntidadeMeio168', 18, 35),
(169, 'EntidadeMeio169', 11, 47),
(170, 'EntidadeMeio170', 7, 36),
(171, 'EntidadeMeio171', 13, 3),
(172, 'EntidadeMeio172', 20, 95),
(173, 'EntidadeMeio173', 4, 65),
(174, 'EntidadeMeio174', 11, 68),
(175, 'EntidadeMeio175', 4, 22),
(176, 'EntidadeMeio176', 10, 54),
(177, 'EntidadeMeio177', 6, 51),
(178, 'EntidadeMeio178', 17, 20),
(179, 'EntidadeMeio179', 4, 90),
(180, 'EntidadeMeio180', 16, 48),
(181, 'EntidadeMeio181', 4, 68),
(182, 'EntidadeMeio182', 12, 56),
(183, 'EntidadeMeio183', 17, 19),
(184, 'EntidadeMeio184', 8, 62),
(185, 'EntidadeMeio185', 18, 45),
(186, 'EntidadeMeio186', 4, 6),
(187, 'EntidadeMeio187', 13, 75),
(188, 'EntidadeMeio188', 1, 73),
(189, 'EntidadeMeio189', 6, 27),
(190, 'EntidadeMeio190', 18, 98),
(191, 'EntidadeMeio191', 2, 31),
(192, 'EntidadeMeio192', 8, 45),
(193, 'EntidadeMeio193', 20, 52),
(194, 'EntidadeMeio194', 12, 29),
(195, 'EntidadeMeio195', 15, 58),
(196, 'EntidadeMeio196', 10, 78),
(197, 'EntidadeMeio197', 8, 57),
(198, 'EntidadeMeio198', 13, 50),
(199, 'EntidadeMeio199', 15, 69);
TRUNCATE TABLE Acciona CASCADE;
INSERT INTO Acciona VALUES
(0, 'EntidadeMeio0', 15),
(1, 'EntidadeMeio1', 50),
(2, 'EntidadeMeio2', 52),
(3, 'EntidadeMeio3', 97),
(4, 'EntidadeMeio4', 86),
(5, 'EntidadeMeio5', 42),
(6, 'EntidadeMeio6', 40),
(7, 'EntidadeMeio7', 76),
(8, 'EntidadeMeio8', 28),
(9, 'EntidadeMeio9', 22),
(10, 'EntidadeMeio10', 13),
(11, 'EntidadeMeio11', 92),
(12, 'EntidadeMeio12', 42),
(13, 'EntidadeMeio13', 24),
(14, 'EntidadeMeio14', 53),
(15, 'EntidadeMeio15', 51),
(16, 'EntidadeMeio16', 8),
(17, 'EntidadeMeio17', 4),
(18, 'EntidadeMeio18', 40),
(19, 'EntidadeMeio19', 56),
(20, 'EntidadeMeio20', 99),
(21, 'EntidadeMeio21', 74),
(22, 'EntidadeMeio22', 65),
(23, 'EntidadeMeio23', 39),
(24, 'EntidadeMeio24', 83),
(25, 'EntidadeMeio25', 31),
(26, 'EntidadeMeio26', 35),
(27, 'EntidadeMeio27', 1),
(28, 'EntidadeMeio28', 73),
(29, 'EntidadeMeio29', 39),
(30, 'EntidadeMeio30', 89),
(31, 'EntidadeMeio31', 32),
(32, 'EntidadeMeio32', 80),
(33, 'EntidadeMeio33', 62),
(34, 'EntidadeMeio34', 9),
(35, 'EntidadeMeio35', 44),
(36, 'EntidadeMeio36', 69),
(37, 'EntidadeMeio37', 4),
(38, 'EntidadeMeio38', 79),
(39, 'EntidadeMeio39', 46),
(40, 'EntidadeMeio40', 7),
(41, 'EntidadeMeio41', 50),
(42, 'EntidadeMeio42', 97),
(43, 'EntidadeMeio43', 76),
(44, 'EntidadeMeio44', 25),
(45, 'EntidadeMeio45', 11),
(46, 'EntidadeMeio46', 4),
(47, 'EntidadeMeio47', 3),
(48, 'EntidadeMeio48', 20),
(49, 'EntidadeMeio49', 48),
(50, 'EntidadeMeio50', 78),
(51, 'EntidadeMeio51', 22),
(52, 'EntidadeMeio52', 55),
(53, 'EntidadeMeio53', 91),
(54, 'EntidadeMeio54', 35),
(55, 'EntidadeMeio55', 30),
(56, 'EntidadeMeio56', 6),
(57, 'EntidadeMeio57', 32),
(58, 'EntidadeMeio58', 23),
(59, 'EntidadeMeio59', 37),
(60, 'EntidadeMeio60', 69),
(61, 'EntidadeMeio61', 96),
(62, 'EntidadeMeio62', 27),
(63, 'EntidadeMeio63', 10),
(64, 'EntidadeMeio64', 45),
(65, 'EntidadeMeio65', 15),
(66, 'EntidadeMeio66', 34),
(67, 'EntidadeMeio67', 65),
(68, 'EntidadeMeio68', 29),
(69, 'EntidadeMeio69', 52),
(70, 'EntidadeMeio70', 61),
(71, 'EntidadeMeio71', 18),
(72, 'EntidadeMeio72', 77),
(73, 'EntidadeMeio73', 62),
(74, 'EntidadeMeio74', 53),
(75, 'EntidadeMeio75', 83),
(76, 'EntidadeMeio76', 16),
(77, 'EntidadeMeio77', 35),
(78, 'EntidadeMeio78', 4),
(79, 'EntidadeMeio79', 56),
(80, 'EntidadeMeio80', 31),
(81, 'EntidadeMeio81', 96),
(82, 'EntidadeMeio82', 60),
(83, 'EntidadeMeio83', 85),
(84, 'EntidadeMeio84', 17),
(85, 'EntidadeMeio85', 71),
(86, 'EntidadeMeio86', 1),
(87, 'EntidadeMeio87', 70),
(88, 'EntidadeMeio88', 22),
(89, 'EntidadeMeio89', 18),
(90, 'EntidadeMeio90', 93),
(91, 'EntidadeMeio91', 44),
(92, 'EntidadeMeio92', 94),
(93, 'EntidadeMeio93', 69),
(94, 'EntidadeMeio94', 14),
(95, 'EntidadeMeio95', 65),
(96, 'EntidadeMeio96', 63),
(97, 'EntidadeMeio97', 22),
(98, 'EntidadeMeio98', 58),
(99, 'EntidadeMeio99', 69);
TRUNCATE TABLE Coordenador CASCADE;
INSERT INTO Coordenador VALUES
(0),
(1),
(2),
(3),
(4),
(5),
(6),
(7),
(8),
(9),
(10),
(11),
(12),
(13),
(14),
(15),
(16),
(17),
(18),
(19),
(20),
(21),
(22),
(23),
(24),
(25),
(26),
(27),
(28),
(29),
(30),
(31),
(32),
(33),
(34),
(35),
(36),
(37),
(38),
(39),
(40),
(41),
(42),
(43),
(44),
(45),
(46),
(47),
(48),
(49),
(50),
(51),
(52),
(53),
(54),
(55),
(56),
(57),
(58),
(59),
(60),
(61),
(62),
(63),
(64),
(65),
(66),
(67),
(68),
(69),
(70),
(71),
(72),
(73),
(74),
(75),
(76),
(77),
(78),
(79),
(80),
(81),
(82),
(83),
(84),
(85),
(86),
(87),
(88),
(89),
(90),
(91),
(92),
(93),
(94),
(95),
(96),
(97),
(98),
(99);
TRUNCATE TABLE Audita CASCADE;
INSERT INTO Audita VALUES
(0, 3, 'EntidadeMeio3', 97, '2018-11-26 12:28:59', '2018-11-26 12:33:59'),
(1, 97, 'EntidadeMeio97', 22, '2018-11-26 12:28:59', '2018-11-26 12:33:59'),
(2, 62, 'EntidadeMeio62', 27, '2018-11-26 12:28:59', '2018-11-26 12:33:59'),
(3, 60, 'EntidadeMeio60', 69, '2018-11-26 12:28:59', '2018-11-26 12:33:59'),
(4, 49, 'EntidadeMeio49', 48, '2018-11-26 12:28:59', '2018-11-26 12:33:59'),
(5, 33, 'EntidadeMeio33', 62, '2018-11-26 12:28:59', '2018-11-26 12:33:59'),
(6, 7, 'EntidadeMeio7', 76, '2018-11-26 12:28:59', '2018-11-26 12:33:59'),
(7, 80, 'EntidadeMeio80', 31, '2018-11-26 12:28:59', '2018-11-26 12:33:59'),
(8, 24, 'EntidadeMeio24', 83, '2018-11-26 12:28:59', '2018-11-26 12:33:59'),
(9, 37, 'EntidadeMeio37', 4, '2018-11-26 12:28:59', '2018-11-26 12:33:59'),
(10, 74, 'EntidadeMeio74', 53, '2018-11-26 12:28:59', '2018-11-26 12:33:59'),
(11, 81, 'EntidadeMeio81', 96, '2018-11-26 12:28:59', '2018-11-26 12:33:59'),
(12, 43, 'EntidadeMeio43', 76, '2018-11-26 12:28:59', '2018-11-26 12:33:59'),
(13, 53, 'EntidadeMeio53', 91, '2018-11-26 12:28:59', '2018-11-26 12:33:59'),
(14, 93, 'EntidadeMeio93', 69, '2018-11-26 12:28:59', '2018-11-26 12:33:59'),
(15, 67, 'EntidadeMeio67', 65, '2018-11-26 12:28:59', '2018-11-26 12:33:59'),
(16, 86, 'EntidadeMeio86', 1, '2018-11-26 12:28:59', '2018-11-26 12:33:59'),
(17, 43, 'EntidadeMeio43', 76, '2018-11-26 12:28:59', '2018-11-26 12:33:59'),
(18, 63, 'EntidadeMeio63', 10, '2018-11-26 12:28:59', '2018-11-26 12:33:59'),
(19, 69, 'EntidadeMeio69', 52, '2018-11-26 12:28:59', '2018-11-26 12:33:59'),
(20, 82, 'EntidadeMeio82', 60, '2018-11-26 12:28:59', '2018-11-26 12:33:59'),
(21, 72, 'EntidadeMeio72', 77, '2018-11-26 12:28:59', '2018-11-26 12:33:59'),
(22, 67, 'EntidadeMeio67', 65, '2018-11-26 12:28:59', '2018-11-26 12:33:59'),
(23, 74, 'EntidadeMeio74', 53, '2018-11-26 12:28:59', '2018-11-26 12:33:59'),
(24, 44, 'EntidadeMeio44', 25, '2018-11-26 12:28:59', '2018-11-26 12:33:59'),
(25, 65, 'EntidadeMeio65', 15, '2018-11-26 12:28:59', '2018-11-26 12:33:59'),
(26, 31, 'EntidadeMeio31', 32, '2018-11-26 12:28:59', '2018-11-26 12:33:59'),
(27, 45, 'EntidadeMeio45', 11, '2018-11-26 12:28:59', '2018-11-26 12:33:59'),
(28, 41, 'EntidadeMeio41', 50, '2018-11-26 12:28:59', '2018-11-26 12:33:59'),
(29, 71, 'EntidadeMeio71', 18, '2018-11-26 12:28:59', '2018-11-26 12:33:59'),
(30, 77, 'EntidadeMeio77', 35, '2018-11-26 12:28:59', '2018-11-26 12:33:59'),
(31, 15, 'EntidadeMeio15', 51, '2018-11-26 12:28:59', '2018-11-26 12:33:59'),
(32, 30, 'EntidadeMeio30', 89, '2018-11-26 12:28:59', '2018-11-26 12:33:59'),
(33, 89, 'EntidadeMeio89', 18, '2018-11-26 12:28:59', '2018-11-26 12:33:59'),
(34, 65, 'EntidadeMeio65', 15, '2018-11-26 12:28:59', '2018-11-26 12:33:59'),
(35, 7, 'EntidadeMeio7', 76, '2018-11-26 12:28:59', '2018-11-26 12:33:59'),
(36, 55, 'EntidadeMeio55', 30, '2018-11-26 12:28:59', '2018-11-26 12:33:59'),
(37, 72, 'EntidadeMeio72', 77, '2018-11-26 12:28:59', '2018-11-26 12:33:59'),
(38, 49, 'EntidadeMeio49', 48, '2018-11-26 12:28:59', '2018-11-26 12:33:59'),
(39, 25, 'EntidadeMeio25', 31, '2018-11-26 12:28:59', '2018-11-26 12:33:59'),
(40, 12, 'EntidadeMeio12', 42, '2018-11-26 12:28:59', '2018-11-26 12:33:59'),
(41, 37, 'EntidadeMeio37', 4, '2018-11-26 12:28:59', '2018-11-26 12:33:59'),
(42, 42, 'EntidadeMeio42', 97, '2018-11-26 12:28:59', '2018-11-26 12:33:59'),
(43, 41, 'EntidadeMeio41', 50, '2018-11-26 12:28:59', '2018-11-26 12:33:59'),
(44, 97, 'EntidadeMeio97', 22, '2018-11-26 12:28:59', '2018-11-26 12:33:59'),
(45, 62, 'EntidadeMeio62', 27, '2018-11-26 12:28:59', '2018-11-26 12:33:59'),
(46, 20, 'EntidadeMeio20', 99, '2018-11-26 12:28:59', '2018-11-26 12:33:59'),
(47, 48, 'EntidadeMeio48', 20, '2018-11-26 12:28:59', '2018-11-26 12:33:59'),
(48, 85, 'EntidadeMeio85', 71, '2018-11-26 12:28:59', '2018-11-26 12:33:59'),
(49, 39, 'EntidadeMeio39', 46, '2018-11-26 12:28:59', '2018-11-26 12:33:59'),
(50, 79, 'EntidadeMeio79', 56, '2018-11-26 12:28:59', '2018-11-26 12:33:59'),
(51, 81, 'EntidadeMeio81', 96, '2018-11-26 12:28:59', '2018-11-26 12:33:59'),
(52, 39, 'EntidadeMeio39', 46, '2018-11-26 12:28:59', '2018-11-26 12:33:59'),
(53, 41, 'EntidadeMeio41', 50, '2018-11-26 12:28:59', '2018-11-26 12:33:59'),
(54, 41, 'EntidadeMeio41', 50, '2018-11-26 12:28:59', '2018-11-26 12:33:59'),
(55, 19, 'EntidadeMeio19', 56, '2018-11-26 12:28:59', '2018-11-26 12:33:59'),
(56, 94, 'EntidadeMeio94', 14, '2018-11-26 12:28:59', '2018-11-26 12:33:59'),
(57, 67, 'EntidadeMeio67', 65, '2018-11-26 12:28:59', '2018-11-26 12:33:59'),
(58, 26, 'EntidadeMeio26', 35, '2018-11-26 12:28:59', '2018-11-26 12:33:59'),
(59, 94, 'EntidadeMeio94', 14, '2018-11-26 12:28:59', '2018-11-26 12:33:59'),
(60, 97, 'EntidadeMeio97', 22, '2018-11-26 12:28:59', '2018-11-26 12:33:59'),
(61, 65, 'EntidadeMeio65', 15, '2018-11-26 12:28:59', '2018-11-26 12:33:59'),
(62, 68, 'EntidadeMeio68', 29, '2018-11-26 12:28:59', '2018-11-26 12:33:59'),
(63, 69, 'EntidadeMeio69', 52, '2018-11-26 12:28:59', '2018-11-26 12:33:59'),
(64, 72, 'EntidadeMeio72', 77, '2018-11-26 12:28:59', '2018-11-26 12:33:59'),
(65, 51, 'EntidadeMeio51', 22, '2018-11-26 12:28:59', '2018-11-26 12:33:59'),
(66, 42, 'EntidadeMeio42', 97, '2018-11-26 12:28:59', '2018-11-26 12:33:59'),
(67, 45, 'EntidadeMeio45', 11, '2018-11-26 12:28:59', '2018-11-26 12:33:59'),
(68, 76, 'EntidadeMeio76', 16, '2018-11-26 12:28:59', '2018-11-26 12:33:59'),
(69, 73, 'EntidadeMeio73', 62, '2018-11-26 12:28:59', '2018-11-26 12:33:59'),
(70, 88, 'EntidadeMeio88', 22, '2018-11-26 12:28:59', '2018-11-26 12:33:59'),
(71, 22, 'EntidadeMeio22', 65, '2018-11-26 12:28:59', '2018-11-26 12:33:59'),
(72, 11, 'EntidadeMeio11', 92, '2018-11-26 12:28:59', '2018-11-26 12:33:59'),
(73, 91, 'EntidadeMeio91', 44, '2018-11-26 12:28:59', '2018-11-26 12:33:59'),
(74, 28, 'EntidadeMeio28', 73, '2018-11-26 12:28:59', '2018-11-26 12:33:59'),
(75, 76, 'EntidadeMeio76', 16, '2018-11-26 12:28:59', '2018-11-26 12:33:59'),
(76, 10, 'EntidadeMeio10', 13, '2018-11-26 12:28:59', '2018-11-26 12:33:59'),
(77, 88, 'EntidadeMeio88', 22, '2018-11-26 12:28:59', '2018-11-26 12:33:59'),
(78, 52, 'EntidadeMeio52', 55, '2018-11-26 12:28:59', '2018-11-26 12:33:59'),
(79, 17, 'EntidadeMeio17', 4, '2018-11-26 12:28:59', '2018-11-26 12:33:59'),
(80, 43, 'EntidadeMeio43', 76, '2018-11-26 12:28:59', '2018-11-26 12:33:59'),
(81, 1, 'EntidadeMeio1', 50, '2018-11-26 12:28:59', '2018-11-26 12:33:59'),
(82, 28, 'EntidadeMeio28', 73, '2018-11-26 12:28:59', '2018-11-26 12:33:59'),
(83, 28, 'EntidadeMeio28', 73, '2018-11-26 12:28:59', '2018-11-26 12:33:59'),
(84, 6, 'EntidadeMeio6', 40, '2018-11-26 12:28:59', '2018-11-26 12:33:59'),
(85, 62, 'EntidadeMeio62', 27, '2018-11-26 12:28:59', '2018-11-26 12:33:59'),
(86, 85, 'EntidadeMeio85', 71, '2018-11-26 12:28:59', '2018-11-26 12:33:59'),
(87, 48, 'EntidadeMeio48', 20, '2018-11-26 12:28:59', '2018-11-26 12:33:59'),
(88, 19, 'EntidadeMeio19', 56, '2018-11-26 12:28:59', '2018-11-26 12:33:59'),
(89, 67, 'EntidadeMeio67', 65, '2018-11-26 12:28:59', '2018-11-26 12:33:59'),
(90, 71, 'EntidadeMeio71', 18, '2018-11-26 12:28:59', '2018-11-26 12:33:59'),
(91, 73, 'EntidadeMeio73', 62, '2018-11-26 12:28:59', '2018-11-26 12:33:59'),
(92, 18, 'EntidadeMeio18', 40, '2018-11-26 12:28:59', '2018-11-26 12:33:59'),
(93, 67, 'EntidadeMeio67', 65, '2018-11-26 12:28:59', '2018-11-26 12:33:59'),
(94, 55, 'EntidadeMeio55', 30, '2018-11-26 12:28:59', '2018-11-26 12:33:59'),
(95, 65, 'EntidadeMeio65', 15, '2018-11-26 12:28:59', '2018-11-26 12:33:59'),
(96, 74, 'EntidadeMeio74', 53, '2018-11-26 12:28:59', '2018-11-26 12:33:59'),
(97, 82, 'EntidadeMeio82', 60, '2018-11-26 12:28:59', '2018-11-26 12:33:59'),
(98, 29, 'EntidadeMeio29', 39, '2018-11-26 12:28:59', '2018-11-26 12:33:59'),
(99, 13, 'EntidadeMeio13', 24, '2018-11-26 12:28:59', '2018-11-26 12:33:59');
TRUNCATE TABLE Solicita CASCADE;
INSERT INTO Solicita VALUES
(0, '2018-11-26 12:28:59', 3, '2018-11-26 12:28:59', '2018-11-26 12:33:59'),
(1, '2018-11-26 12:28:59', 40, '2018-11-26 12:28:59', '2018-11-26 12:33:59'),
(2, '2018-11-26 12:28:59', 2, '2018-11-26 12:28:59', '2018-11-26 12:33:59'),
(3, '2018-11-26 12:28:59', 82, '2018-11-26 12:28:59', '2018-11-26 12:33:59'),
(4, '2018-11-26 12:28:59', 68, '2018-11-26 12:28:59', '2018-11-26 12:33:59'),
(5, '2018-11-26 12:28:59', 20, '2018-11-26 12:28:59', '2018-11-26 12:33:59'),
(6, '2018-11-26 12:28:59', 6, '2018-11-26 12:28:59', '2018-11-26 12:33:59'),
(7, '2018-11-26 12:28:59', 98, '2018-11-26 12:28:59', '2018-11-26 12:33:59'),
(8, '2018-11-26 12:28:59', 30, '2018-11-26 12:28:59', '2018-11-26 12:33:59'),
(9, '2018-11-26 12:28:59', 11, '2018-11-26 12:28:59', '2018-11-26 12:33:59'),
(10, '2018-11-26 12:28:59', 2, '2018-11-26 12:28:59', '2018-11-26 12:33:59'),
(11, '2018-11-26 12:28:59', 14, '2018-11-26 12:28:59', '2018-11-26 12:33:59'),
(12, '2018-11-26 12:28:59', 4, '2018-11-26 12:28:59', '2018-11-26 12:33:59'),
(13, '2018-11-26 12:28:59', 14, '2018-11-26 12:28:59', '2018-11-26 12:33:59'),
(14, '2018-11-26 12:28:59', 33, '2018-11-26 12:28:59', '2018-11-26 12:33:59'),
(15, '2018-11-26 12:28:59', 54, '2018-11-26 12:28:59', '2018-11-26 12:33:59'),
(16, '2018-11-26 12:28:59', 83, '2018-11-26 12:28:59', '2018-11-26 12:33:59'),
(17, '2018-11-26 12:28:59', 83, '2018-11-26 12:28:59', '2018-11-26 12:33:59'),
(18, '2018-11-26 12:28:59', 72, '2018-11-26 12:28:59', '2018-11-26 12:33:59'),
(19, '2018-11-26 12:28:59', 97, '2018-11-26 12:28:59', '2018-11-26 12:33:59'),
(20, '2018-11-26 12:28:59', 32, '2018-11-26 12:28:59', '2018-11-26 12:33:59'),
(21, '2018-11-26 12:28:59', 33, '2018-11-26 12:28:59', '2018-11-26 12:33:59'),
(22, '2018-11-26 12:28:59', 83, '2018-11-26 12:28:59', '2018-11-26 12:33:59'),
(23, '2018-11-26 12:28:59', 80, '2018-11-26 12:28:59', '2018-11-26 12:33:59'),
(24, '2018-11-26 12:28:59', 24, '2018-11-26 12:28:59', '2018-11-26 12:33:59'),
(25, '2018-11-26 12:28:59', 77, '2018-11-26 12:28:59', '2018-11-26 12:33:59'),
(26, '2018-11-26 12:28:59', 86, '2018-11-26 12:28:59', '2018-11-26 12:33:59'),
(27, '2018-11-26 12:28:59', 57, '2018-11-26 12:28:59', '2018-11-26 12:33:59'),
(28, '2018-11-26 12:28:59', 37, '2018-11-26 12:28:59', '2018-11-26 12:33:59'),
(29, '2018-11-26 12:28:59', 71, '2018-11-26 12:28:59', '2018-11-26 12:33:59'),
(30, '2018-11-26 12:28:59', 72, '2018-11-26 12:28:59', '2018-11-26 12:33:59'),
(31, '2018-11-26 12:28:59', 23, '2018-11-26 12:28:59', '2018-11-26 12:33:59'),
(32, '2018-11-26 12:28:59', 77, '2018-11-26 12:28:59', '2018-11-26 12:33:59'),
(33, '2018-11-26 12:28:59', 24, '2018-11-26 12:28:59', '2018-11-26 12:33:59'),
(34, '2018-11-26 12:28:59', 72, '2018-11-26 12:28:59', '2018-11-26 12:33:59'),
(35, '2018-11-26 12:28:59', 51, '2018-11-26 12:28:59', '2018-11-26 12:33:59'),
(36, '2018-11-26 12:28:59', 83, '2018-11-26 12:28:59', '2018-11-26 12:33:59'),
(37, '2018-11-26 12:28:59', 58, '2018-11-26 12:28:59', '2018-11-26 12:33:59'),
(38, '2018-11-26 12:28:59', 31, '2018-11-26 12:28:59', '2018-11-26 12:33:59'),
(39, '2018-11-26 12:28:59', 87, '2018-11-26 12:28:59', '2018-11-26 12:33:59'),
(40, '2018-11-26 12:28:59', 20, '2018-11-26 12:28:59', '2018-11-26 12:33:59'),
(41, '2018-11-26 12:28:59', 23, '2018-11-26 12:28:59', '2018-11-26 12:33:59'),
(42, '2018-11-26 12:28:59', 14, '2018-11-26 12:28:59', '2018-11-26 12:33:59'),
(43, '2018-11-26 12:28:59', 20, '2018-11-26 12:28:59', '2018-11-26 12:33:59'),
(44, '2018-11-26 12:28:59', 18, '2018-11-26 12:28:59', '2018-11-26 12:33:59'),
(45, '2018-11-26 12:28:59', 19, '2018-11-26 12:28:59', '2018-11-26 12:33:59'),
(46, '2018-11-26 12:28:59', 82, '2018-11-26 12:28:59', '2018-11-26 12:33:59'),
(47, '2018-11-26 12:28:59', 22, '2018-11-26 12:28:59', '2018-11-26 12:33:59'),
(48, '2018-11-26 12:28:59', 54, '2018-11-26 12:28:59', '2018-11-26 12:33:59'),
(49, '2018-11-26 12:28:59', 78, '2018-11-26 12:28:59', '2018-11-26 12:33:59'),
(50, '2018-11-26 12:28:59', 73, '2018-11-26 12:28:59', '2018-11-26 12:33:59'),
(51, '2018-11-26 12:28:59', 37, '2018-11-26 12:28:59', '2018-11-26 12:33:59'),
(52, '2018-11-26 12:28:59', 21, '2018-11-26 12:28:59', '2018-11-26 12:33:59'),
(53, '2018-11-26 12:28:59', 3, '2018-11-26 12:28:59', '2018-11-26 12:33:59'),
(54, '2018-11-26 12:28:59', 16, '2018-11-26 12:28:59', '2018-11-26 12:33:59'),
(55, '2018-11-26 12:28:59', 1, '2018-11-26 12:28:59', '2018-11-26 12:33:59'),
(56, '2018-11-26 12:28:59', 14, '2018-11-26 12:28:59', '2018-11-26 12:33:59'),
(57, '2018-11-26 12:28:59', 47, '2018-11-26 12:28:59', '2018-11-26 12:33:59'),
(58, '2018-11-26 12:28:59', 67, '2018-11-26 12:28:59', '2018-11-26 12:33:59'),
(59, '2018-11-26 12:28:59', 80, '2018-11-26 12:28:59', '2018-11-26 12:33:59'),
(60, '2018-11-26 12:28:59', 73, '2018-11-26 12:28:59', '2018-11-26 12:33:59'),
(61, '2018-11-26 12:28:59', 33, '2018-11-26 12:28:59', '2018-11-26 12:33:59'),
(62, '2018-11-26 12:28:59', 46, '2018-11-26 12:28:59', '2018-11-26 12:33:59'),
(63, '2018-11-26 12:28:59', 47, '2018-11-26 12:28:59', '2018-11-26 12:33:59'),
(64, '2018-11-26 12:28:59', 49, '2018-11-26 12:28:59', '2018-11-26 12:33:59'),
(65, '2018-11-26 12:28:59', 75, '2018-11-26 12:28:59', '2018-11-26 12:33:59'),
(66, '2018-11-26 12:28:59', 45, '2018-11-26 12:28:59', '2018-11-26 12:33:59'),
(67, '2018-11-26 12:28:59', 42, '2018-11-26 12:28:59', '2018-11-26 12:33:59'),
(68, '2018-11-26 12:28:59', 42, '2018-11-26 12:28:59', '2018-11-26 12:33:59'),
(69, '2018-11-26 12:28:59', 82, '2018-11-26 12:28:59', '2018-11-26 12:33:59'),
(70, '2018-11-26 12:28:59', 36, '2018-11-26 12:28:59', '2018-11-26 12:33:59'),
(71, '2018-11-26 12:28:59', 48, '2018-11-26 12:28:59', '2018-11-26 12:33:59'),
(72, '2018-11-26 12:28:59', 99, '2018-11-26 12:28:59', '2018-11-26 12:33:59'),
(73, '2018-11-26 12:28:59', 70, '2018-11-26 12:28:59', '2018-11-26 12:33:59'),
(74, '2018-11-26 12:28:59', 68, '2018-11-26 12:28:59', '2018-11-26 12:33:59'),
(75, '2018-11-26 12:28:59', 65, '2018-11-26 12:28:59', '2018-11-26 12:33:59'),
(76, '2018-11-26 12:28:59', 21, '2018-11-26 12:28:59', '2018-11-26 12:33:59'),
(77, '2018-11-26 12:28:59', 64, '2018-11-26 12:28:59', '2018-11-26 12:33:59'),
(78, '2018-11-26 12:28:59', 52, '2018-11-26 12:28:59', '2018-11-26 12:33:59'),
(79, '2018-11-26 12:28:59', 95, '2018-11-26 12:28:59', '2018-11-26 12:33:59'),
(80, '2018-11-26 12:28:59', 65, '2018-11-26 12:28:59', '2018-11-26 12:33:59'),
(81, '2018-11-26 12:28:59', 55, '2018-11-26 12:28:59', '2018-11-26 12:33:59'),
(82, '2018-11-26 12:28:59', 7, '2018-11-26 12:28:59', '2018-11-26 12:33:59'),
(83, '2018-11-26 12:28:59', 39, '2018-11-26 12:28:59', '2018-11-26 12:33:59'),
(84, '2018-11-26 12:28:59', 90, '2018-11-26 12:28:59', '2018-11-26 12:33:59'),
(85, '2018-11-26 12:28:59', 57, '2018-11-26 12:28:59', '2018-11-26 12:33:59'),
(86, '2018-11-26 12:28:59', 1, '2018-11-26 12:28:59', '2018-11-26 12:33:59'),
(87, '2018-11-26 12:28:59', 5, '2018-11-26 12:28:59', '2018-11-26 12:33:59'),
(88, '2018-11-26 12:28:59', 29, '2018-11-26 12:28:59', '2018-11-26 12:33:59'),
(89, '2018-11-26 12:28:59', 97, '2018-11-26 12:28:59', '2018-11-26 12:33:59'),
(90, '2018-11-26 12:28:59', 94, '2018-11-26 12:28:59', '2018-11-26 12:33:59'),
(91, '2018-11-26 12:28:59', 82, '2018-11-26 12:28:59', '2018-11-26 12:33:59'),
(92, '2018-11-26 12:28:59', 15, '2018-11-26 12:28:59', '2018-11-26 12:33:59'),
(93, '2018-11-26 12:28:59', 42, '2018-11-26 12:28:59', '2018-11-26 12:33:59'),
(94, '2018-11-26 12:28:59', 32, '2018-11-26 12:28:59', '2018-11-26 12:33:59'),
(95, '2018-11-26 12:28:59', 3, '2018-11-26 12:28:59', '2018-11-26 12:33:59'),
(96, '2018-11-26 12:28:59', 54, '2018-11-26 12:28:59', '2018-11-26 12:33:59'),
(97, '2018-11-26 12:28:59', 41, '2018-11-26 12:28:59', '2018-11-26 12:33:59'),
(98, '2018-11-26 12:28:59', 51, '2018-11-26 12:28:59', '2018-11-26 12:33:59'),
(99, '2018-11-26 12:28:59', 27, '2018-11-26 12:28:59', '2018-11-26 12:33:59');
TRUNCATE TABLE ProcessoSocorro CASCADE;
INSERT INTO ProcessoSocorro VALUES
(0),
(1),
(2),
(3),
(4),
(5),
(6),
(7),
(8),
(9),
(10),
(11),
(12),
(13),
(14),
(15),
(16),
(17),
(18),
(19),
(20),
(21),
(22),
(23),
(24),
(25),
(26),
(27),
(28),
(29),
(30),
(31),
(32),
(33),
(34),
(35),
(36),
(37),
(38),
(39),
(40),
(41),
(42),
(43),
(44),
(45),
(46),
(47),
(48),
(49),
(50),
(51),
(52),
(53),
(54),
(55),
(56),
(57),
(58),
(59),
(60),
(61),
(62),
(63),
(64),
(65),
(66),
(67),
(68),
(69),
(70),
(71),
(72),
(73),
(74),
(75),
(76),
(77),
(78),
(79),
(80),
(81),
(82),
(83),
(84),
(85),
(86),
(87),
(88),
(89),
(90),
(91),
(92),
(93),
(94),
(95),
(96),
(97),
(98),
(99);
